split,fold,model,candidate,feature_variant,alpha,mouse,cohort,area,horizon,metric,observed,predicted,residual,absolute_error,scale,scaled_absolute_error,scaled_squared_error
unsupervised_lomo,DR10,selected_nested,mean_shift,mean_shift,,DR10,unsupervised,mHV,0,q05,-1.2464710891246795,-0.99472188827445,-0.25174920085022956,0.25174920085022956,0.4060620903342586,0.6199771090253633,0.3843716157154472
unsupervised_lomo,DR10,selected_nested,mean_shift,mean_shift,,DR10,unsupervised,mHV,0,median,0.13074349611997604,0.04237180884229019,0.08837168727768585,0.08837168727768585,0.15334270138891423,0.5763018811932487,0.3321238582668773
unsupervised_lomo,DR10,selected_nested,mean_shift,mean_shift,,DR10,unsupervised,mHV,0,q95,1.6389038920402519,1.2023726224772529,0.43653126956299904,0.43653126956299904,0.4658236434223072,0.9371170307198163,0.8781883292651252
unsupervised_lomo,DR10,selected_nested,mean_shift,mean_shift,,DR10,unsupervised,mHV,0,sd_dprime,1.006841930134502,0.8341311999846619,0.17271073014984006,0.17271073014984006,0.29429663528690514,0.5868593434018269,0.3444038889380234
unsupervised_lomo,DR10,selected_nested,mean_shift,mean_shift,,DR10,unsupervised,mHV,0,frac_leaf_selective,0.383,0.31934929036667503,0.06365070963332498,0.06365070963332498,0.09239163536659739,0.6889228595290867,0.47461470638173375
unsupervised_lomo,DR10,selected_nested,mean_shift,mean_shift,,DR10,unsupervised,mHV,0,frac_circle_selective,0.238,0.26223763092397495,-0.024237630923974962,0.024237630923974962,0.07406367916481446,0.3272539414365141,0.10709514218573339
unsupervised_lomo,DR10,persistence,persistence,persistence,,DR10,unsupervised,mHV,0,q05,-1.2464710891246795,-0.7785348057746887,-0.4679362833499908,0.4679362833499908,0.4060620903342586,1.1523761870131712,1.3279708763950153
unsupervised_lomo,DR10,persistence,persistence,persistence,,DR10,unsupervised,mHV,0,median,0.13074349611997604,0.0020070005557499826,0.12873649556422606,0.12873649556422606,0.15334270138891423,0.8395345484211807,0.7048182579927558
unsupervised_lomo,DR10,persistence,persistence,persistence,,DR10,unsupervised,mHV,0,q95,1.6389038920402519,0.8108173936605453,0.8280864983797066,0.8280864983797066,0.4658236434223072,1.7776824128031186,3.160154760789517
unsupervised_lomo,DR10,persistence,persistence,persistence,,DR10,unsupervised,mHV,0,sd_dprime,1.006841930134502,0.570413053126748,0.436428877007754,0.436428877007754,0.29429663528690514,1.4829557143332148,2.1991576506735355
unsupervised_lomo,DR10,persistence,persistence,persistence,,DR10,unsupervised,mHV,0,frac_leaf_selective,0.383,0.256,0.127,0.127,0.09239163536659739,1.3745833104488447,1.889479277364505
unsupervised_lomo,DR10,persistence,persistence,persistence,,DR10,unsupervised,mHV,0,frac_circle_selective,0.238,0.25,-0.01200000000000001,0.01200000000000001,0.07406367916481446,0.16202273685724308,0.026251367258711435
unsupervised_lomo,DR15,selected_nested,mean_shift,mean_shift,,DR15,unsupervised,mHV,0,q05,-0.8849573224782942,-1.0392725230759283,0.15431520059763415,0.15431520059763415,0.37547836220217273,0.4109829383844617,0.16890697564312623
unsupervised_lomo,DR15,selected_nested,mean_shift,mean_shift,,DR15,unsupervised,mHV,0,median,0.1410873904824257,-0.08334395119891269,0.22443134168133838,0.22443134168133838,0.1523181500107503,1.4734379433146902,2.1710193727994245
unsupervised_lomo,DR15,selected_nested,mean_shift,mean_shift,,DR15,unsupervised,mHV,0,q95,1.0703433513641358,0.9250950051246696,0.14524834623946625,0.14524834623946625,0.4277980333411544,0.3395255118520744,0.11527757319841313
unsupervised_lomo,DR15,selected_nested,mean_shift,mean_shift,,DR15,unsupervised,mHV,0,sd_dprime,0.7136979589697146,0.6209256918013892,0.09277226716832532,0.09277226716832532,0.2644741985126824,0.35078002954559134,0.12304662912800593
unsupervised_lomo,DR15,selected_nested,mean_shift,mean_shift,,DR15,unsupervised,mHV,0,frac_leaf_selective,0.398,0.19858481677636733,0.1994151832236327,0.1994151832236327,0.09127890931488111,2.184679732924046,4.772825535449081
unsupervised_lomo,DR15,selected_nested,mean_shift,mean_shift,,DR15,unsupervised,mHV,0,frac_circle_selective,0.203,0.35921571487834925,-0.15621571487834923,0.15621571487834923,0.06832681443934417,2.2863017420053553,5.227175655496723
unsupervised_lomo,DR15,persistence,persistence,persistence,,DR15,unsupervised,mHV,0,q05,-0.8849573224782942,-0.811229932308197,-0.07372739017009722,0.07372739017009722,0.37547836220217273,0.1963558958169723,0.03855563782208568
unsupervised_lomo,DR15,persistence,persistence,persistence,,DR15,unsupervised,mHV,0,median,0.1410873904824257,-0.10859102010726929,0.24967841058969498,0.24967841058969498,0.1523181500107503,1.6391901462305916,2.686944335499468
unsupervised_lomo,DR15,persistence,persistence,persistence,,DR15,unsupervised,mHV,0,q95,1.0703433513641358,0.5681562989950176,0.5021870523691182,0.5021870523691182,0.4277980333411544,1.1738881743961667,1.378013445987165
unsupervised_lomo,DR15,persistence,persistence,persistence,,DR15,unsupervised,mHV,0,sd_dprime,0.7136979589697146,0.42231195361419716,0.2913860053555174,0.2913860053555174,0.2644741985126824,1.1017558876978486,1.2138660360768745
unsupervised_lomo,DR15,persistence,persistence,persistence,,DR15,unsupervised,mHV,0,frac_leaf_selective,0.398,0.166,0.232,0.232,0.09127890931488111,2.5416605187478645,6.4600381925616635
unsupervised_lomo,DR15,persistence,persistence,persistence,,DR15,unsupervised,mHV,0,frac_circle_selective,0.203,0.32,-0.11699999999999999,0.11699999999999999,0.06832681443934417,1.712358478293533,2.932171558183744
unsupervised_lomo,TX104,selected_nested,mean_shift,mean_shift,,TX104,unsupervised,mHV,0,q05,-1.1019846975803376,-1.1140887092671525,0.012104011686814964,0.012104011686814964,0.40046588756689017,0.030224825790669176,0.0009135400940763006
unsupervised_lomo,TX104,selected_nested,mean_shift,mean_shift,,TX104,unsupervised,mHV,0,median,-0.034293802455067635,0.021402883641712833,-0.05569668609678047,0.05569668609678047,0.15446282691678034,0.3605831073309831,0.13002017729246726
unsupervised_lomo,TX104,selected_nested,mean_shift,mean_shift,,TX104,unsupervised,mHV,0,q95,1.4021669030189505,1.2529695273149402,0.14919737570401037,0.14919737570401037,0.46418506345650784,0.3214178728480123,0.10330944898614101
unsupervised_lomo,TX104,selected_nested,mean_shift,mean_shift,,TX104,unsupervised,mHV,0,sd_dprime,0.9629518244323044,0.903342194320414,0.059609630111890466,0.059609630111890466,0.29304220580955,0.20341653499097379,0.04137828670773406
unsupervised_lomo,TX104,selected_nested,mean_shift,mean_shift,,TX104,unsupervised,mHV,0,frac_leaf_selective,0.292,0.3050331788215265,-0.013033178821526492,0.013033178821526492,0.09069641274997754,0.14370115009349937,0.020650020538194435
unsupervised_lomo,TX104,selected_nested,mean_shift,mean_shift,,TX104,unsupervised,mHV,0,frac_circle_selective,0.326,0.28935946227700665,0.03664053772299336,0.03664053772299336,0.07615585522935374,0.4811256811790162,0.23148192108997237
unsupervised_lomo,TX104,persistence,persistence,persistence,,TX104,unsupervised,mHV,0,q05,-1.1019846975803376,-0.8574092805385589,-0.24457541704177865,0.24457541704177865,0.40046588756689017,0.6107272170614707,0.37298773365964877
unsupervised_lomo,TX104,persistence,persistence,persistence,,TX104,unsupervised,mHV,0,median,-0.034293802455067635,-0.034969521686434746,0.0006757192313671112,0.0006757192313671112,0.15446282691678034,0.00437463980722797,1.9137473442983568e-05
unsupervised_lomo,TX104,persistence,persistence,persistence,,TX104,unsupervised,mHV,0,q95,1.4021669030189505,0.8134430199861515,0.588723883032799,0.588723883032799,0.46418506345650784,1.268295620390982,1.608573780702946
unsupervised_lomo,TX104,persistence,persistence,persistence,,TX104,unsupervised,mHV,0,sd_dprime,0.9629518244323044,0.6092705700588696,0.3536812543734348,0.3536812543734348,0.29304220580955,1.206929402528776,1.4566785826884683
unsupervised_lomo,TX104,persistence,persistence,persistence,,TX104,unsupervised,mHV,0,frac_leaf_selective,0.292,0.238,0.05399999999999999,0.05399999999999999,0.09069641274997754,0.5953928977197983,0.3544927026551782
unsupervised_lomo,TX104,persistence,persistence,persistence,,TX104,unsupervised,mHV,0,frac_circle_selective,0.326,0.282,0.04400000000000004,0.04400000000000004,0.07615585522935374,0.5777625353623571,0.33380954726833895
unsupervised_lomo,TX105,selected_nested,mean_shift,mean_shift,,TX105,unsupervised,mHV,0,q05,-1.2284244894981384,-0.9633947911879917,-0.2650296983101468,0.2650296983101468,0.40581941451369835,0.6530729896886212,0.42650432986083386
unsupervised_lomo,TX105,selected_nested,mean_shift,mean_shift,,TX105,unsupervised,mHV,0,median,-0.03726382739841938,0.15423674096382456,-0.19150056836224394,0.19150056836224394,0.1542231352113694,1.24171103187459,1.5418462866790592
unsupervised_lomo,TX105,selected_nested,mean_shift,mean_shift,,TX105,unsupervised,mHV,0,q95,1.19162801504135,1.321073296420573,-0.12944528137922284,0.12944528137922284,0.4460697485373702,0.29019067489706346,0.08421062779721318
unsupervised_lomo,TX105,selected_nested,mean_shift,mean_shift,,TX105,unsupervised,mHV,0,sd_dprime,0.9497192757768993,0.7911441933517536,0.15857508242514573,0.15857508242514573,0.29245533261778367,0.5422198357804985,0.29400235031383076
unsupervised_lomo,TX105,selected_nested,mean_shift,mean_shift,,TX105,unsupervised,mHV,0,frac_leaf_selective,0.291,0.3911483714811001,-0.10014837148110012,0.10014837148110012,0.09059604217151464,1.105438704391757,1.2219947291673265
unsupervised_lomo,TX105,selected_nested,mean_shift,mean_shift,,TX105,unsupervised,mHV,0,frac_circle_selective,0.332,0.20208376849912055,0.12991623150087947,0.12991623150087947,0.07570006605016934,1.7161970692968616,2.9453323806631366
unsupervised_lomo,TX105,persistence,persistence,persistence,,TX105,unsupervised,mHV,0,q05,-1.2284244894981384,-0.7380760848522187,-0.4903484046459198,0.4903484046459198,0.40581941451369835,1.2082921297235476,1.4599698707518665
unsupervised_lomo,TX105,persistence,persistence,persistence,,TX105,unsupervised,mHV,0,median,-0.03726382739841938,0.08277501538395882,-0.1200388427823782,0.1200388427823782,0.1542231352113694,0.7783452373592317,0.6058213085197987
unsupervised_lomo,TX105,persistence,persistence,persistence,,TX105,unsupervised,mHV,0,q95,1.19162801504135,0.8775302350521086,0.3140977799892415,0.3140977799892415,0.4460697485373702,0.7041449930625086,0.4958201712550002
unsupervised_lomo,TX105,persistence,persistence,persistence,,TX105,unsupervised,mHV,0,sd_dprime,0.9497192757768993,0.5406864380972458,0.4090328376796535,0.4090328376796535,0.29245533261778367,1.3986164451794336,1.9561279607263558
unsupervised_lomo,TX105,persistence,persistence,persistence,,TX105,unsupervised,mHV,0,frac_leaf_selective,0.291,0.302,-0.01100000000000001,0.01100000000000001,0.09059604217151464,0.12141810763846644,0.014742356862506223
unsupervised_lomo,TX105,persistence,persistence,persistence,,TX105,unsupervised,mHV,0,frac_circle_selective,0.332,0.209,0.12300000000000003,0.12300000000000003,0.07570006605016934,1.624833456796236,2.6400837623244056
unsupervised_lomo,TX119,selected_nested,mean_shift,mean_shift,,TX119,unsupervised,mHV,0,q05,-1.6457358002662659,-1.3488059340570788,-0.29692986620918704,0.29692986620918704,0.3774487488379445,0.7866759848147549,0.6188591050842644
unsupervised_lomo,TX119,selected_nested,mean_shift,mean_shift,,TX119,unsupervised,mHV,0,median,-0.03056427091360092,-0.047328764740086626,0.016764493826485705,0.016764493826485705,0.15475031374358814,0.10833253530111385,0.011735938204767078
unsupervised_lomo,TX119,selected_nested,mean_shift,mean_shift,,TX119,unsupervised,mHV,0,q95,1.7997228682041164,1.4732236799407235,0.32649918826339297,0.32649918826339297,0.4557978455901049,0.7163245535763477,0.5131208660563539
unsupervised_lomo,TX119,selected_nested,mean_shift,mean_shift,,TX119,unsupervised,mHV,0,sd_dprime,1.190699614256751,1.192833942830125,-0.0021343285733739226,0.0021343285733739226,0.2880404075121902,0.0074098234751441795,5.490548393279776e-05
unsupervised_lomo,TX119,selected_nested,mean_shift,mean_shift,,TX119,unsupervised,mHV,0,frac_leaf_selective,0.343,0.32059246424455384,0.022407535755446184,0.022407535755446184,0.09342185428015684,0.2398532541245612,0.057529583514141336
unsupervised_lomo,TX119,selected_nested,mean_shift,mean_shift,,TX119,unsupervised,mHV,0,frac_circle_selective,0.352,0.33724397395674927,0.014756026043250714,0.014756026043250714,0.07359493383184937,0.20050328568764622,0.04020156757154188
unsupervised_lomo,TX119,persistence,persistence,persistence,,TX119,unsupervised,mHV,0,q05,-1.6457358002662659,-1.067832636833191,-0.5779031634330749,0.5779031634330749,0.3774487488379445,1.531077173291133,2.344197310573166
unsupervised_lomo,TX119,persistence,persistence,persistence,,TX119,unsupervised,mHV,0,median,-0.03056427091360092,-0.09564992785453796,0.06508565694093704,0.06508565694093704,0.15475031374358814,0.4205849756710673,0.17689172176023227
unsupervised_lomo,TX119,persistence,persistence,persistence,,TX119,unsupervised,mHV,0,q95,1.7997228682041164,0.9555148184299468,0.8442080497741696,0.8442080497741696,0.4557978455901049,1.8521545416284366,3.4304764460748443
unsupervised_lomo,TX119,persistence,persistence,persistence,,TX119,unsupervised,mHV,0,sd_dprime,1.190699614256751,0.7986709510766443,0.39202866318010665,0.39202866318010665,0.2880404075121902,1.3610196797250247,1.852374568598809
unsupervised_lomo,TX119,persistence,persistence,persistence,,TX119,unsupervised,mHV,0,frac_leaf_selective,0.343,0.258,0.08500000000000002,0.08500000000000002,0.09342185428015684,0.9098513474705708,0.8278294744940135
unsupervised_lomo,TX119,persistence,persistence,persistence,,TX119,unsupervised,mHV,0,frac_circle_selective,0.352,0.332,0.019999999999999962,0.019999999999999962,0.07359493383184937,0.2717578365610901,0.07385232173236415
unsupervised_lomo,TX123,selected_nested,mean_shift,mean_shift,,TX123,unsupervised,mHV,0,q05,-0.8569703340530396,-0.8798972838451833,0.022926949792143714,0.022926949792143714,0.3706502788718378,0.06185601657154375,0.003826166786099095
unsupervised_lomo,TX123,selected_nested,mean_shift,mean_shift,,TX123,unsupervised,mHV,0,median,-0.0051065487787127495,0.09836322087357985,-0.1034697696522926,0.1034697696522926,0.1563171011781418,0.6619222648862748,0.4381410847521758
unsupervised_lomo,TX123,selected_nested,mean_shift,mean_shift,,TX123,unsupervised,mHV,0,q95,1.0514936327934252,1.3661664704441259,-0.31467283765070064,0.31467283765070064,0.4243878837386316,0.7414746030885714,0.5497845870253545
unsupervised_lomo,TX123,selected_nested,mean_shift,mean_shift,,TX123,unsupervised,mHV,0,sd_dprime,0.6755789931943771,0.8397617335691864,-0.1641827403748093,0.1641827403748093,0.2564182274274339,0.640292782701155,0.40997484757918845
unsupervised_lomo,TX123,selected_nested,mean_shift,mean_shift,,TX123,unsupervised,mHV,0,frac_leaf_selective,0.259,0.38478396136263693,-0.12578396136263692,0.12578396136263692,0.08634606451450384,1.4567422623124713,2.122098018807257
unsupervised_lomo,TX123,selected_nested,mean_shift,mean_shift,,TX123,unsupervised,mHV,0,frac_circle_selective,0.266,0.23574098925759807,0.03025901074240195,0.03025901074240195,0.07652077215651036,0.39543525097358184,0.15636903771253965
unsupervised_lomo,TX123,persistence,persistence,persistence,,TX123,unsupervised,mHV,0,q05,-0.8569703340530396,-0.6658549249172211,-0.19111540913581848,0.19111540913581848,0.3706502788718378,0.5156219218761244,0.26586596631922815
unsupervised_lomo,TX123,persistence,persistence,persistence,,TX123,unsupervised,mHV,0,median,-0.0051065487787127495,0.036682695150375366,-0.041789243929088116,0.041789243929088116,0.1563171011781418,0.2673363542064687,0.07146872628040649
unsupervised_lomo,TX123,persistence,persistence,persistence,,TX123,unsupervised,mHV,0,q95,1.0514936327934252,0.8780417144298551,0.1734519183635701,0.1734519183635701,0.4243878837386316,0.408710816236201,0.16704453130846164
unsupervised_lomo,TX123,persistence,persistence,persistence,,TX123,unsupervised,mHV,0,sd_dprime,0.6755789931943771,0.5489497969023376,0.1266291962920395,0.1266291962920395,0.2564182274274339,0.49383851359738234,0.24387647751207198
unsupervised_lomo,TX123,persistence,persistence,persistence,,TX123,unsupervised,mHV,0,frac_leaf_selective,0.259,0.294,-0.034999999999999976,0.034999999999999976,0.08634606451450384,0.40534563094211323,0.16430508052385986
unsupervised_lomo,TX123,persistence,persistence,persistence,,TX123,unsupervised,mHV,0,frac_circle_selective,0.266,0.234,0.032,0.032,0.07652077215651036,0.4181871026412199,0.17488045281545817
unsupervised_lomo,TX83,selected_nested,mean_shift,mean_shift,,TX83,unsupervised,mHV,0,q05,-1.2056855797767638,-1.8745504148619696,0.6688648350852058,0.6688648350852058,0.4053296134002805,1.6501750994064992,2.7230778587012496
unsupervised_lomo,TX83,selected_nested,mean_shift,mean_shift,,TX83,unsupervised,mHV,0,median,-0.04350506141781807,0.045812460892193485,-0.08931752231001155,0.08931752231001155,0.15368817124824954,0.581160681297578,0.3377477374862651
unsupervised_lomo,TX83,selected_nested,mean_shift,mean_shift,,TX83,unsupervised,mHV,0,q95,1.3561871528625473,2.203069690764717,-0.8468825379021698,0.8468825379021698,0.4616087452363608,1.8346327851057815,3.3658774561849967
unsupervised_lomo,TX83,selected_nested,mean_shift,mean_shift,,TX83,unsupervised,mHV,0,sd_dprime,0.9881100026848885,1.6606847887272633,-0.6725747860423749,0.6725747860423749,0.2938907935145494,2.288519412259433,5.23732110028826
unsupervised_lomo,TX83,selected_nested,mean_shift,mean_shift,,TX83,unsupervised,mHV,0,frac_leaf_selective,0.293,0.40053289193182917,-0.10753289193182919,0.10753289193182919,0.09079490231127675,1.1843494424738599,1.4026836018881428
unsupervised_lomo,TX83,selected_nested,mean_shift,mean_shift,,TX83,unsupervised,mHV,0,frac_circle_selective,0.323,0.31778775624665634,0.0052122437533436705,0.0052122437533436705,0.07635431973933854,0.06826390138943597,0.004659960232906639
unsupervised_lomo,TX83,persistence,persistence,persistence,,TX83,unsupervised,mHV,0,q05,-1.2056855797767638,-1.3387590944766998,0.133073514699936,0.133073514699936,0.4053296134002805,0.3283093815514539,0.10778705001469814
unsupervised_lomo,TX83,persistence,persistence,persistence,,TX83,unsupervised,mHV,0,median,-0.04350506141781807,-0.014295592904090881,-0.029209468513727188,0.029209468513727188,0.15368817124824954,0.19005671208453445,0.036121553808383625
unsupervised_lomo,TX83,persistence,persistence,persistence,,TX83,unsupervised,mHV,0,q95,1.3561871528625473,1.3780611276626584,-0.021873974800111107,0.021873974800111107,0.4616087452363608,0.047386396002768144,0.0022454705261311606
unsupervised_lomo,TX83,persistence,persistence,persistence,,TX83,unsupervised,mHV,0,sd_dprime,0.9881100026848885,1.0498034156600868,-0.06169341297519837,0.06169341297519837,0.2938907935145494,0.20991951546840193,0.044066202974488634
unsupervised_lomo,TX83,persistence,persistence,persistence,,TX83,unsupervised,mHV,0,frac_leaf_selective,0.293,0.317,-0.02400000000000002,0.02400000000000002,0.09079490231127675,0.26433202073085127,0.06987141718365518
unsupervised_lomo,TX83,persistence,persistence,persistence,,TX83,unsupervised,mHV,0,frac_circle_selective,0.323,0.32,0.0030000000000000027,0.0030000000000000027,0.07635431973933854,0.039290507861788615,0.001543744008037273
unsupervised_lomo,TX85,selected_nested,mean_shift,mean_shift,,TX85,unsupervised,mHV,0,q05,-1.1935409784317015,-1.5849621314248792,0.3914211529931777,0.3914211529931777,0.40498372191808235,0.9665108294707015,0.9341431834841435
unsupervised_lomo,TX85,selected_nested,mean_shift,mean_shift,,TX85,unsupervised,mHV,0,median,0.36637766659259796,0.15991167707397835,0.2064659895186196,0.2064659895186196,0.08859107951186897,2.330550554934353,5.43146588910482
unsupervised_lomo,TX85,selected_nested,mean_shift,mean_shift,,TX85,unsupervised,mHV,0,q95,2.236068511009216,2.1089195086414474,0.12714900236776883,0.12714900236776883,0.3752382131758126,0.33884875767755285,0.11481848057962094
unsupervised_lomo,TX85,selected_nested,mean_shift,mean_shift,,TX85,unsupervised,mHV,0,sd_dprime,1.2933459602397732,1.2895542295340192,0.003791730705754004,0.003791730705754004,0.27605598376558843,0.013735368652518445,0.00018866035202058637
unsupervised_lomo,TX85,selected_nested,mean_shift,mean_shift,,TX85,unsupervised,mHV,0,frac_leaf_selective,0.547,0.4778427273326814,0.06915727266731864,0.06915727266731864,0.048728841562261684,1.4192266930654445,2.0142044063094775
unsupervised_lomo,TX85,selected_nested,mean_shift,mean_shift,,TX85,unsupervised,mHV,0,frac_circle_selective,0.192,0.25917194204148153,-0.06717194204148152,0.06717194204148152,0.06580653462992866,1.020748811941419,1.0419281370798184
unsupervised_lomo,TX85,persistence,persistence,persistence,,TX85,unsupervised,mHV,0,q05,-1.1935409784317015,-1.1240796267986297,-0.06946135163307177,0.06946135163307177,0.40498372191808235,0.17151640392875342,0.0294178768166513
unsupervised_lomo,TX85,persistence,persistence,persistence,,TX85,unsupervised,mHV,0,median,0.36637766659259796,0.13266845792531967,0.2337092086672783,0.2337092086672783,0.08859107951186897,2.638067059968122,6.9593978128888505
unsupervised_lomo,TX85,persistence,persistence,persistence,,TX85,unsupervised,mHV,0,q95,2.236068511009216,1.446475780010222,0.7895927309989943,0.7895927309989943,0.3752382131758126,2.1042439263216557,4.427842501461577
unsupervised_lomo,TX85,persistence,persistence,persistence,,TX85,unsupervised,mHV,0,sd_dprime,1.2933459602397732,0.8638843522758813,0.4294616079638919,0.4294616079638919,0.27605598376558843,1.5557047599756688,2.4202173002109535
unsupervised_lomo,TX85,persistence,persistence,persistence,,TX85,unsupervised,mHV,0,frac_leaf_selective,0.547,0.407,0.14000000000000007,0.14000000000000007,0.048728841562261684,2.8730418272127327,8.254369340913877
unsupervised_lomo,TX85,persistence,persistence,persistence,,TX85,unsupervised,mHV,0,frac_circle_selective,0.192,0.258,-0.066,0.066,0.06580653462992866,1.0029399112285629,1.0058884655351574
unsupervised_lomo,TX88,selected_nested,mean_shift,mean_shift,,TX88,unsupervised,mHV,0,q05,-2.078950214385986,-1.6587134459846666,-0.4202367684013195,0.4202367684013195,0.24532038603118125,1.713012013391768,2.9344101580245185
unsupervised_lomo,TX88,selected_nested,mean_shift,mean_shift,,TX88,unsupervised,mHV,0,median,-0.1119464598596096,-0.01589749397680862,-0.09604896588280099,0.09604896588280099,0.1448870092243926,0.6629232420281788,0.43946722482115125
unsupervised_lomo,TX88,selected_nested,mean_shift,mean_shift,,TX88,unsupervised,mHV,0,q95,2.1185423374176016,2.0337443031503777,0.08479803426722388,0.08479803426722388,0.4060264939665499,0.20884852473250154,0.04361770628294231
unsupervised_lomo,TX88,selected_nested,mean_shift,mean_shift,,TX88,unsupervised,mHV,0,sd_dprime,1.5531572009737664,1.3214310521281274,0.23172614884563902,0.23172614884563902,0.2096687319932082,1.1052012698447822,1.221469846866519
unsupervised_lomo,TX88,selected_nested,mean_shift,mean_shift,,TX88,unsupervised,mHV,0,frac_leaf_selective,0.327,0.34912060501144454,-0.022120605011444527,0.022120605011444527,0.09306027232774622,0.2377019157384219,0.056502200745715825
unsupervised_lomo,TX88,selected_nested,mean_shift,mean_shift,,TX88,unsupervised,mHV,0,frac_circle_selective,0.406,0.35348754084877465,0.05251245915122538,0.05251245915122538,0.06265324070970767,0.8381443410809706,0.7024859364860544
unsupervised_lomo,TX88,persistence,persistence,persistence,,TX88,unsupervised,mHV,0,q05,-2.078950214385986,-1.299033510684967,-0.7799167037010191,0.7799167037010191,0.24532038603118125,3.1791760820150037,10.10716056045627
unsupervised_lomo,TX88,persistence,persistence,persistence,,TX88,unsupervised,mHV,0,median,-0.1119464598596096,-0.07675348594784737,-0.03519297391176224,0.03519297391176224,0.1448870092243926,0.24289944350536907,0.059000139655217984
unsupervised_lomo,TX88,persistence,persistence,persistence,,TX88,unsupervised,mHV,0,q95,2.1185423374176016,1.3243853092193603,0.7941570281982413,0.7941570281982413,0.4060264939665499,1.9559241576577198,3.8256393105090605
unsupervised_lomo,TX88,persistence,persistence,persistence,,TX88,unsupervised,mHV,0,sd_dprime,1.5531572009737664,0.9009809218527148,0.6521762791210516,0.6521762791210516,0.2096687319932082,3.1105080520169195,9.67526034166209
unsupervised_lomo,TX88,persistence,persistence,persistence,,TX88,unsupervised,mHV,0,frac_leaf_selective,0.327,0.281,0.045999999999999985,0.045999999999999985,0.09306027232774622,0.49430330311084786,0.24433575546629474
unsupervised_lomo,TX88,persistence,persistence,persistence,,TX88,unsupervised,mHV,0,frac_circle_selective,0.406,0.357,0.049000000000000044,0.049000000000000044,0.06265324070970767,0.7820824500847863,0.6116529587306222
supervised_test,frozen,selected_nested,mean_shift,mean_shift,,TX108,supervised,mHV,0,q05,-1.6130143523216247,-1.5729359906054854,-0.04007836171613932,0.04007836171613932,0.3799514494623789,0.10548284990845311,0.011126631624809246
supervised_test,frozen,selected_nested,mean_shift,mean_shift,,TX108,supervised,mHV,0,median,-0.07163995504379272,-0.13769631847713348,0.06605636343334076,0.06605636343334076,0.14727212821571345,0.44853268730242174,0.20118157157873204
supervised_test,frozen,selected_nested,mean_shift,mean_shift,,TX108,supervised,mHV,0,q95,1.5547813832759843,1.3830604902893313,0.17172089298665294,0.17172089298665294,0.43729591224754016,0.39268808186216675,0.15420392963658777
supervised_test,frozen,selected_nested,mean_shift,mean_shift,,TX108,supervised,mHV,0,sd_dprime,1.1297690140272616,0.9725704670041847,0.1571985470230769,0.1571985470230769,0.27552338734373216,0.57054520321704,0.3255218289139735
supervised_test,frozen,selected_nested,mean_shift,mean_shift,,TX108,supervised,mHV,0,frac_leaf_selective,0.324,0.25720805648826006,0.06679194351173995,0.06679194351173995,0.08740915919462396,0.7641298020385024,0.583894354363401
supervised_test,frozen,selected_nested,mean_shift,mean_shift,,TX108,supervised,mHV,0,frac_circle_selective,0.396,0.44800590066153695,-0.05200590066153693,0.05200590066153693,0.07229703390258213,0.7193365737744257,0.5174451063695298
supervised_test,frozen,selected_nested,mean_shift,mean_shift,,TX60,supervised,mHV,0,q05,-1.245515090227127,-1.1378690017332997,-0.10764608849382729,0.10764608849382729,0.3799514494623789,0.2833153779151089,0.08026760336318098
supervised_test,frozen,selected_nested,mean_shift,mean_shift,,TX60,supervised,mHV,0,median,0.22602983564138412,0.07304983012404086,0.15298000551734325,0.15298000551734325,0.14727212821571345,1.038757349206425,1.079016830530359
supervised_test,frozen,selected_nested,mean_shift,mean_shift,,TX60,supervised,mHV,0,q95,1.6903162896633144,1.4370827722147343,0.25323351744858,0.25323351744858,0.43729591224754016,0.5790896058164662,0.3353447715646702
supervised_test,frozen,selected_nested,mean_shift,mean_shift,,TX60,supervised,mHV,0,sd_dprime,1.1500299954477342,0.9010859336584595,0.24894406178927475,0.24894406178927475,0.27552338734373216,0.9035315084838947,0.8163691868231824
supervised_test,frozen,selected_nested,mean_shift,mean_shift,,TX60,supervised,mHV,0,frac_leaf_selective,0.461,0.3556323246188547,0.10536767538114533,0.10536767538114533,0.08740915919462396,1.2054534828156305,1.4531180992323336
supervised_test,frozen,selected_nested,mean_shift,mean_shift,,TX60,supervised,mHV,0,frac_circle_selective,0.249,0.2817545171317564,-0.03275451713175642,0.03275451713175642,0.07229703390258213,0.45305478473559585,0.2052586379718171
supervised_test,frozen,selected_nested,mean_shift,mean_shift,,VR2,supervised,mHV,0,q05,-1.263878333568573,-1.4080777189343316,0.1441993853657586,0.1441993853657586,0.3799514494623789,0.3795205560336639,0.14403585245210143
supervised_test,frozen,selected_nested,mean_shift,mean_shift,,VR2,supervised,mHV,0,median,0.3957911282777786,0.09526533059801699,0.3005257976797616,0.3005257976797616,0.14727212821571345,2.0406155687488496,4.164111899420191
supervised_test,frozen,selected_nested,mean_shift,mean_shift,,VR2,supervised,mHV,0,q95,1.8885804772377008,1.7280893654130125,0.16049111182468834,0.16049111182468834,0.43729591224754016,0.36700803124324455,0.13469489499704237
supervised_test,frozen,selected_nested,mean_shift,mean_shift,,VR2,supervised,mHV,0,sd_dprime,1.121445902157465,1.0338133059799353,0.08763259617752972,0.08763259617752972,0.27552338734373216,0.3180586483869071,0.10116130381370621
supervised_test,frozen,selected_nested,mean_shift,mean_shift,,VR2,supervised,mHV,0,frac_leaf_selective,0.548,0.4074816467724267,0.14051835322757333,0.14051835322757333,0.08740915919462396,1.6075930088138386,2.5843552819871305
supervised_test,frozen,selected_nested,mean_shift,mean_shift,,VR2,supervised,mHV,0,frac_circle_selective,0.204,0.287299733888968,-0.08329973388896802,0.08329973388896802,0.07229703390258213,1.1521874327681503,1.3275358802288608
supervised_test,frozen,persistence,persistence,persistence,,TX108,supervised,mHV,0,q05,-1.6130143523216247,-1.234564083814621,-0.3784502685070037,0.3784502685070037,0.3799514494623789,0.9960490190062458,0.9921136482633045
supervised_test,frozen,persistence,persistence,persistence,,TX108,supervised,mHV,0,median,-0.07163995504379272,-0.18788020312786102,0.1162402480840683,0.1162402480840683,0.14727212821571345,0.789288845706148,0.6229768819561435
supervised_test,frozen,persistence,persistence,persistence,,TX108,supervised,mHV,0,q95,1.5547813832759843,0.8419905573129643,0.7127908259630199,0.7127908259630199,0.43729591224754016,1.629996544672776,2.656888735645189
supervised_test,frozen,persistence,persistence,persistence,,TX108,supervised,mHV,0,sd_dprime,1.1297690140272616,0.6513214742497367,0.47844753977752486,0.47844753977752486,0.27552338734373216,1.7365042742474435,3.0154470944796405
supervised_test,frozen,persistence,persistence,persistence,,TX108,supervised,mHV,0,frac_leaf_selective,0.324,0.205,0.11900000000000002,0.11900000000000002,0.08740915919462396,1.3614133930179602,1.8534464266886748
supervised_test,frozen,persistence,persistence,persistence,,TX108,supervised,mHV,0,frac_circle_selective,0.396,0.438,-0.04199999999999998,0.04199999999999998,0.07229703390258213,0.5809366959174784,0.3374874446635168
supervised_test,frozen,persistence,persistence,persistence,,TX60,supervised,mHV,0,q05,-1.245515090227127,-0.8602264374494553,-0.38528865277767177,0.38528865277767177,0.3799514494623789,1.0140470665998114,1.0282914532796823
supervised_test,frozen,persistence,persistence,persistence,,TX60,supervised,mHV,0,median,0.22602983564138412,0.02286594547331333,0.2031638901680708,0.2031638901680708,0.14727212821571345,1.3795135076101512,1.9030575176788629
supervised_test,frozen,persistence,persistence,persistence,,TX60,supervised,mHV,0,q95,1.6903162896633144,0.9466018348932261,0.7437144547700882,0.7437144547700882,0.43729591224754016,1.7007121126462617,2.8924216901017106
supervised_test,frozen,persistence,persistence,persistence,,TX60,supervised,mHV,0,sd_dprime,1.1500299954477342,0.6034489413851418,0.5465810540625924,0.5465810540625924,0.27552338734373216,1.9837918636674545,3.9354301583531925
supervised_test,frozen,persistence,persistence,persistence,,TX60,supervised,mHV,0,frac_leaf_selective,0.461,0.284,0.17700000000000005,0.17700000000000005,0.08740915919462396,2.0249594165057054,4.100460638495127
supervised_test,frozen,persistence,persistence,persistence,,TX60,supervised,mHV,0,frac_circle_selective,0.249,0.276,-0.027000000000000024,0.027000000000000024,0.07229703390258213,0.37345930451837944,0.13947185213135166
supervised_test,frozen,persistence,persistence,persistence,,VR2,supervised,mHV,0,q05,-1.263878333568573,-1.0512685000896453,-0.2126098334789277,0.2126098334789277,0.3799514494623789,0.5595710551434003,0.3131197657542984
supervised_test,frozen,persistence,persistence,persistence,,VR2,supervised,mHV,0,median,0.3957911282777786,0.04508144594728947,0.35070968233048916,0.35070968233048916,0.14727212821571345,2.381371727152576,5.670931302881643
supervised_test,frozen,persistence,persistence,persistence,,VR2,supervised,mHV,0,q95,1.8885804772377008,1.1508451819419845,0.7377352952957164,0.7377352952957164,0.43729591224754016,1.6870390841387661,2.846100871411767
supervised_test,frozen,persistence,persistence,persistence,,VR2,supervised,mHV,0,sd_dprime,1.121445902157465,0.6923352388274282,0.4291106633300368,0.4291106633300368,0.27552338734373216,1.5574382540335683,2.4256139151271294
supervised_test,frozen,persistence,persistence,persistence,,VR2,supervised,mHV,0,frac_leaf_selective,0.548,0.333,0.21500000000000002,0.21500000000000002,0.08740915919462396,2.4596964663769865,6.0501067067074334
supervised_test,frozen,persistence,persistence,persistence,,VR2,supervised,mHV,0,frac_circle_selective,0.204,0.288,-0.08399999999999999,0.08399999999999999,0.07229703390258213,1.161873391834957,1.3499497786540677
unsupervised_lomo,DR10,selected_nested,session_only__alpha_100,session_only,100.0,DR10,unsupervised,mHV,1,q05,-1.3494870126247405,-1.0863232689583133,-0.26316374366642714,0.26316374366642714,0.35263407066573704,0.7462799699688715,0.5569337935767397
unsupervised_lomo,DR10,selected_nested,session_only__alpha_100,session_only,100.0,DR10,unsupervised,mHV,1,median,0.16033079475164413,0.0820337205724438,0.07829707417920033,0.07829707417920033,0.11748513410779696,0.6664423952341056,0.44414546616537187
unsupervised_lomo,DR10,selected_nested,session_only__alpha_100,session_only,100.0,DR10,unsupervised,mHV,1,q95,1.7050279796123502,1.2546429096568252,0.45038506995552496,0.45038506995552496,0.48028989051243165,0.9377358942013112,0.8793486072735327
unsupervised_lomo,DR10,selected_nested,session_only__alpha_100,session_only,100.0,DR10,unsupervised,mHV,1,sd_dprime,1.2264454103515354,0.9207567251852689,0.30568868516626657,0.30568868516626657,0.27266446177496007,1.1211167131071251,1.256902684408124
unsupervised_lomo,DR10,selected_nested,session_only__alpha_100,session_only,100.0,DR10,unsupervised,mHV,1,frac_leaf_selective,0.402,0.3396767617392798,0.062323238260720226,0.062323238260720226,0.07666205990300173,0.8129606527606484,0.6609050229370196
unsupervised_lomo,DR10,selected_nested,session_only__alpha_100,session_only,100.0,DR10,unsupervised,mHV,1,frac_circle_selective,0.241,0.2570607874294708,-0.016060787429470813,0.016060787429470813,0.04687654759350047,0.34261882015598083,0.11738765592507634
unsupervised_lomo,DR10,persistence,persistence,persistence,,DR10,unsupervised,mHV,1,q05,-1.3494870126247405,-0.7785348057746887,-0.5709522068500518,0.5709522068500518,0.35263407066573704,1.6191067578131415,2.621506693196183
unsupervised_lomo,DR10,persistence,persistence,persistence,,DR10,unsupervised,mHV,1,median,0.16033079475164413,0.0020070005557499826,0.15832379419589415,0.15832379419589415,0.11748513410779696,1.3476070432079195,1.8160447429035913
unsupervised_lomo,DR10,persistence,persistence,persistence,,DR10,unsupervised,mHV,1,q95,1.7050279796123502,0.8108173936605453,0.8942105859518049,0.8942105859518049,0.48028989051243165,1.8618142992719509,3.4663524849735055
unsupervised_lomo,DR10,persistence,persistence,persistence,,DR10,unsupervised,mHV,1,sd_dprime,1.2264454103515354,0.570413053126748,0.6560323572247875,0.6560323572247875,0.27266446177496007,2.4060060961161667,5.788865334548157
unsupervised_lomo,DR10,persistence,persistence,persistence,,DR10,unsupervised,mHV,1,frac_leaf_selective,0.402,0.256,0.14600000000000002,0.14600000000000002,0.07666205990300173,1.9044622618375968,3.626976506763575
unsupervised_lomo,DR10,persistence,persistence,persistence,,DR10,unsupervised,mHV,1,frac_circle_selective,0.241,0.25,-0.009000000000000008,0.009000000000000008,0.04687654759350047,0.19199366126629763,0.03686156596643784
unsupervised_lomo,DR15,selected_nested,session_only__alpha_100,session_only,100.0,DR15,unsupervised,mHV,1,q05,-0.9649705111980438,-1.152473480334339,0.18750296913629527,0.18750296913629527,0.3152340665925582,0.5948055397789348,0.35379363015171
unsupervised_lomo,DR15,selected_nested,session_only__alpha_100,session_only,100.0,DR15,unsupervised,mHV,1,median,0.0009315002826042473,-0.0154930407395244,0.016424541022128647,0.016424541022128647,0.11234338312303833,0.14619945176602445,0.021374279696686108
unsupervised_lomo,DR15,selected_nested,session_only__alpha_100,session_only,100.0,DR15,unsupervised,mHV,1,q95,0.8638191938400263,1.048677412445379,-0.1848582186053528,0.1848582186053528,0.37908294541989085,0.48764583276252316,0.2377984582106547
unsupervised_lomo,DR15,selected_nested,session_only__alpha_100,session_only,100.0,DR15,unsupervised,mHV,1,sd_dprime,0.6437153964061957,0.7240178448584754,-0.08030244845227974,0.08030244845227974,0.1957239985127136,0.4102841197936366,0.16833305895483916
unsupervised_lomo,DR15,selected_nested,session_only__alpha_100,session_only,100.0,DR15,unsupervised,mHV,1,frac_leaf_selective,0.281,0.23130146069007249,0.04969853930992754,0.04969853930992754,0.06734439737010688,0.7379758562066805,0.5446083643439832
unsupervised_lomo,DR15,selected_nested,session_only__alpha_100,session_only,100.0,DR15,unsupervised,mHV,1,frac_circle_selective,0.306,0.34162403693056803,-0.03562403693056804,0.03562403693056804,0.04782034832877856,0.7449556135735902,0.5549588661948043
unsupervised_lomo,DR15,persistence,persistence,persistence,,DR15,unsupervised,mHV,1,q05,-0.9649705111980438,-0.811229932308197,-0.15374057888984682,0.15374057888984682,0.3152340665925582,0.48770293309878016,0.23785415095315324
unsupervised_lomo,DR15,persistence,persistence,persistence,,DR15,unsupervised,mHV,1,median,0.0009315002826042473,-0.10859102010726929,0.10952252038987353,0.10952252038987353,0.11234338312303833,0.9748907086937608,0.9504118938974232
unsupervised_lomo,DR15,persistence,persistence,persistence,,DR15,unsupervised,mHV,1,q95,0.8638191938400263,0.5681562989950176,0.29566289484500863,0.29566289484500863,0.37908294541989085,0.7799424859842162,0.6083102814432393
unsupervised_lomo,DR15,persistence,persistence,persistence,,DR15,unsupervised,mHV,1,sd_dprime,0.6437153964061957,0.42231195361419716,0.22140344279199853,0.22140344279199853,0.1957239985127136,1.131202328147904,1.2796187072072382
unsupervised_lomo,DR15,persistence,persistence,persistence,,DR15,unsupervised,mHV,1,frac_leaf_selective,0.281,0.166,0.11500000000000002,0.11500000000000002,0.06734439737010688,1.707640197119749,2.9160350428191752
unsupervised_lomo,DR15,persistence,persistence,persistence,,DR15,unsupervised,mHV,1,frac_circle_selective,0.306,0.32,-0.014000000000000012,0.014000000000000012,0.04782034832877856,0.2927624011382354,0.08570982352022503
unsupervised_lomo,TX104,selected_nested,dual_full__alpha_10000,dual_full,10000.0,TX104,unsupervised,mHV,1,q05,-1.2383913397789001,-1.1767861939283724,-0.06160514585052779,0.06160514585052779,0.34930763865733777,0.17636358050263232,0.03110411252770847
unsupervised_lomo,TX104,selected_nested,dual_full__alpha_10000,dual_full,10000.0,TX104,unsupervised,mHV,1,median,0.12363091111183167,0.07109688504601329,0.052534026065818376,0.052534026065818376,0.11939172488772125,0.4400139634067821,0.193612287992945
unsupervised_lomo,TX104,selected_nested,dual_full__alpha_10000,dual_full,10000.0,TX104,unsupervised,mHV,1,q95,1.6661988556385037,1.2986737991604331,0.36752505647807054,0.36752505647807054,0.48132204707838966,0.763574115727581,0.5830454302091573
unsupervised_lomo,TX104,selected_nested,dual_full__alpha_10000,dual_full,10000.0,TX104,unsupervised,mHV,1,sd_dprime,1.1526520162904312,0.975097003023458,0.1775550132669732,0.1775550132669732,0.2753508368249769,0.6448319362829236,0.4158082260503844
unsupervised_lomo,TX104,selected_nested,dual_full__alpha_10000,dual_full,10000.0,TX104,unsupervised,mHV,1,frac_leaf_selective,0.389,0.32254339742545823,0.06645660257454178,0.06645660257454178,0.07719166775908246,0.8609297415616781,0.7412000199054579
unsupervised_lomo,TX104,selected_nested,dual_full__alpha_10000,dual_full,10000.0,TX104,unsupervised,mHV,1,frac_circle_selective,0.238,0.2878067601661592,-0.0498067601661592,0.0498067601661592,0.0464811789867684,1.0715468336192049,1.148212616639344
unsupervised_lomo,TX104,persistence,persistence,persistence,,TX104,unsupervised,mHV,1,q05,-1.2383913397789001,-0.8574092805385589,-0.38098205924034123,0.38098205924034123,0.34930763865733777,1.0906777209475091,1.1895778909712527
unsupervised_lomo,TX104,persistence,persistence,persistence,,TX104,unsupervised,mHV,1,median,0.12363091111183167,-0.034969521686434746,0.1586004327982664,0.1586004327982664,0.11939172488772125,1.328403898573523,1.7646569177453346
unsupervised_lomo,TX104,persistence,persistence,persistence,,TX104,unsupervised,mHV,1,q95,1.6661988556385037,0.8134430199861515,0.8527558356523521,0.8527558356523521,0.48132204707838966,1.7716949406921092,3.1389029628740164
unsupervised_lomo,TX104,persistence,persistence,persistence,,TX104,unsupervised,mHV,1,sd_dprime,1.1526520162904312,0.6092705700588696,0.5433814462315616,0.5433814462315616,0.2753508368249769,1.9734149076763285,3.8943663978391725
unsupervised_lomo,TX104,persistence,persistence,persistence,,TX104,unsupervised,mHV,1,frac_leaf_selective,0.389,0.238,0.15100000000000002,0.15100000000000002,0.07719166775908246,1.9561696797544992,3.8265998159908197
unsupervised_lomo,TX104,persistence,persistence,persistence,,TX104,unsupervised,mHV,1,frac_circle_selective,0.238,0.282,-0.043999999999999984,0.043999999999999984,0.0464811789867684,0.9466197062799392,0.8960888683175183
unsupervised_lomo,TX105,selected_nested,session_only__alpha_1000,session_only,1000.0,TX105,unsupervised,mHV,1,q05,-1.2810805797576903,-1.0365688929550998,-0.2445116868025905,0.2445116868025905,0.3512582689077064,0.6961022940838905,0.4845584038288551
unsupervised_lomo,TX105,selected_nested,session_only__alpha_1000,session_only,1000.0,TX105,unsupervised,mHV,1,median,0.06379913538694382,0.21088936671820724,-0.14709023133126342,0.14709023133126342,0.11858515985618334,1.2403763802287757,1.5385335646294405
unsupervised_lomo,TX105,selected_nested,session_only__alpha_1000,session_only,1000.0,TX105,unsupervised,mHV,1,q95,1.185645043849945,1.3983608895415014,-0.21271584569155633,0.21271584569155633,0.45148833881831585,0.4711436097071726,0.2219763009679046
unsupervised_lomo,TX105,selected_nested,session_only__alpha_1000,session_only,1000.0,TX105,unsupervised,mHV,1,sd_dprime,0.9964878400282017,0.8687702591990798,0.12771758082912188,0.12771758082912188,0.2704849695076697,0.4721799553653217,0.22295391024879718
unsupervised_lomo,TX105,selected_nested,session_only__alpha_1000,session_only,1000.0,TX105,unsupervised,mHV,1,frac_leaf_selective,0.333,0.4184760945196521,-0.0854760945196521,0.0854760945196521,0.0754225004320897,1.1332970138879794,1.284362121687411
unsupervised_lomo,TX105,selected_nested,session_only__alpha_1000,session_only,1000.0,TX105,unsupervised,mHV,1,frac_circle_selective,0.28,0.1959982041884547,0.08400179581154532,0.08400179581154532,0.04913247398615299,1.709700102527293,2.9230744405818365
unsupervised_lomo,TX105,persistence,persistence,persistence,,TX105,unsupervised,mHV,1,q05,-1.2810805797576903,-0.7380760848522187,-0.5430044949054716,0.5430044949054716,0.3512582689077064,1.5458838779625907,2.389756964144658
unsupervised_lomo,TX105,persistence,persistence,persistence,,TX105,unsupervised,mHV,1,median,0.06379913538694382,0.08277501538395882,-0.018975879997015,0.018975879997015,0.11858515985618334,0.16001901097935356,0.025606083874810476
unsupervised_lomo,TX105,persistence,persistence,persistence,,TX105,unsupervised,mHV,1,q95,1.185645043849945,0.8775302350521086,0.3081148087978365,0.3081148087978365,0.45148833881831585,0.6824424515686671,0.46572769970305256
unsupervised_lomo,TX105,persistence,persistence,persistence,,TX105,unsupervised,mHV,1,sd_dprime,0.9964878400282017,0.5406864380972458,0.45580140193095586,0.45580140193095586,0.2704849695076697,1.685126544223861,2.839651470047852
unsupervised_lomo,TX105,persistence,persistence,persistence,,TX105,unsupervised,mHV,1,frac_leaf_selective,0.333,0.302,0.031000000000000028,0.031000000000000028,0.0754225004320897,0.41101792995993786,0.1689357387485524
unsupervised_lomo,TX105,persistence,persistence,persistence,,TX105,unsupervised,mHV,1,frac_circle_selective,0.28,0.209,0.07100000000000004,0.07100000000000004,0.04913247398615299,1.4450727642986179,2.088235294117649
unsupervised_lomo,TX119,selected_nested,dual_full_svd_behavior__alpha_100,dual_full_svd_behavior,100.0,TX119,unsupervised,mHV,1,q05,-1.909972620010376,-1.307287255341541,-0.6026853646688348,0.6026853646688348,0.27502019307786446,2.191422229487712,4.802331387892895
unsupervised_lomo,TX119,selected_nested,dual_full_svd_behavior__alpha_100,dual_full_svd_behavior,100.0,TX119,unsupervised,mHV,1,median,-0.046755475923419,0.054855759336971455,-0.10161123526039045,0.10161123526039045,0.10334601761178444,0.9832138442149688,0.966709463455977
unsupervised_lomo,TX119,selected_nested,dual_full_svd_behavior__alpha_100,dual_full_svd_behavior,100.0,TX119,unsupervised,mHV,1,q95,1.7524703562259667,1.5228193910443104,0.22965096518165629,0.22965096518165629,0.47833867177467543,0.48010118924659073,0.23049715191599074
unsupervised_lomo,TX119,selected_nested,dual_full_svd_behavior__alpha_100,dual_full_svd_behavior,100.0,TX119,unsupervised,mHV,1,sd_dprime,1.3216271756546845,1.2073366396470377,0.11429053600764671,0.11429053600764671,0.2643146087134638,0.4324034020062279,0.18697270206655953
unsupervised_lomo,TX119,selected_nested,dual_full_svd_behavior__alpha_100,dual_full_svd_behavior,100.0,TX119,unsupervised,mHV,1,frac_leaf_selective,0.328,0.3688429225004258,-0.04084292250042576,0.04084292250042576,0.07493616330870277,0.5450362107834581,0.2970644710651902
unsupervised_lomo,TX119,selected_nested,dual_full_svd_behavior__alpha_100,dual_full_svd_behavior,100.0,TX119,unsupervised,mHV,1,frac_circle_selective,0.377,0.2970753423761661,0.07992465762383388,0.07992465762383388,0.0288540044262243,2.7699676080729168,7.672720549773196
unsupervised_lomo,TX119,persistence,persistence,persistence,,TX119,unsupervised,mHV,1,q05,-1.909972620010376,-1.067832636833191,-0.842139983177185,0.842139983177185,0.27502019307786446,3.062102363293578,9.376470883288118
unsupervised_lomo,TX119,persistence,persistence,persistence,,TX119,unsupervised,mHV,1,median,-0.046755475923419,-0.09564992785453796,0.048894451931118965,0.048894451931118965,0.10334601761178444,0.47311404020219916,0.22383689503644813
unsupervised_lomo,TX119,persistence,persistence,persistence,,TX119,unsupervised,mHV,1,q95,1.7524703562259667,0.9555148184299468,0.7969555377960199,0.7969555377960199,0.47833867177467543,1.6660905438384273,2.775857700267826
unsupervised_lomo,TX119,persistence,persistence,persistence,,TX119,unsupervised,mHV,1,sd_dprime,1.3216271756546845,0.7986709510766443,0.5229562245780401,0.5229562245780401,0.2643146087134638,1.9785369682118579,3.9146085345809705
unsupervised_lomo,TX119,persistence,persistence,persistence,,TX119,unsupervised,mHV,1,frac_leaf_selective,0.328,0.258,0.07,0.07,0.07493616330870277,0.934128422236297,0.8725959092296736
unsupervised_lomo,TX119,persistence,persistence,persistence,,TX119,unsupervised,mHV,1,frac_circle_selective,0.377,0.332,0.044999999999999984,0.044999999999999984,0.0288540044262243,1.559575556143646,2.4322759153207625
unsupervised_lomo,TX123,selected_nested,session_only__alpha_100,session_only,100.0,TX123,unsupervised,mHV,1,q05,-0.926599907875061,-0.9717623206099673,0.04516241273490629,0.04516241273490629,0.30703767652874514,0.14709078457567779,0.02163569890708845
unsupervised_lomo,TX123,selected_nested,session_only__alpha_100,session_only,100.0,TX123,unsupervised,mHV,1,median,0.028987659141421318,0.15649762232488312,-0.1275099631834618,0.1275099631834618,0.11585017108392912,1.1006454456686612,1.2114203970711659
unsupervised_lomo,TX123,selected_nested,session_only__alpha_100,session_only,100.0,TX123,unsupervised,mHV,1,q95,1.2292214632034302,1.4509187249442659,-0.2216972617408357,0.2216972617408357,0.457630382168225,0.4844461171709088,0.2346880404419699
unsupervised_lomo,TX123,selected_nested,session_only__alpha_100,session_only,100.0,TX123,unsupervised,mHV,1,sd_dprime,0.8586952922169606,0.9443031003124066,-0.08560780809544599,0.08560780809544599,0.2535919366648463,0.33758095474694644,0.1139609010078599
unsupervised_lomo,TX123,selected_nested,session_only__alpha_100,session_only,100.0,TX123,unsupervised,mHV,1,frac_leaf_selective,0.306,0.41347505029397663,-0.10747505029397664,0.10747505029397664,0.0720986427452992,1.4906667615595852,2.2220873940185415
unsupervised_lomo,TX123,selected_nested,session_only__alpha_100,session_only,100.0,TX123,unsupervised,mHV,1,frac_circle_selective,0.265,0.2268146345501643,0.03818536544983572,0.03818536544983572,0.04887283060585474,0.7813209297777258,0.6104623953087299
unsupervised_lomo,TX123,persistence,persistence,persistence,,TX123,unsupervised,mHV,1,q05,-0.926599907875061,-0.6658549249172211,-0.2607449829578399,0.2607449829578399,0.30703767652874514,0.8492279706703314,0.7211881461688493
unsupervised_lomo,TX123,persistence,persistence,persistence,,TX123,unsupervised,mHV,1,median,0.028987659141421318,0.036682695150375366,-0.007695036008954048,0.007695036008954048,0.11585017108392912,0.06642231027332089,0.0044119233020453105
unsupervised_lomo,TX123,persistence,persistence,persistence,,TX123,unsupervised,mHV,1,q95,1.2292214632034302,0.8780417144298551,0.35117974877357505,0.35117974877357505,0.457630382168225,0.7673873118076354,0.5888832863233491
unsupervised_lomo,TX123,persistence,persistence,persistence,,TX123,unsupervised,mHV,1,sd_dprime,0.8586952922169606,0.5489497969023376,0.30974549531462303,0.30974549531462303,0.2535919366648463,1.2214327450166158,1.4918979505988252
unsupervised_lomo,TX123,persistence,persistence,persistence,,TX123,unsupervised,mHV,1,frac_leaf_selective,0.306,0.294,0.01200000000000001,0.01200000000000001,0.0720986427452992,0.1664386393845452,0.02770182068017868
unsupervised_lomo,TX123,persistence,persistence,persistence,,TX123,unsupervised,mHV,1,frac_circle_selective,0.265,0.234,0.031,0.031,0.04887283060585474,0.6342992541194522,0.4023355437764934
unsupervised_lomo,TX83,selected_nested,mean_shift,mean_shift,,TX83,unsupervised,mHV,1,q05,-1.314530849456787,-2.0209141014757748,0.7063832520189877,0.7063832520189877,0.3521985837854174,2.0056391040157133,4.0225882155569535
unsupervised_lomo,TX83,selected_nested,mean_shift,mean_shift,,TX83,unsupervised,mHV,1,median,0.16494029015302658,0.08947332487150561,0.07546696528152097,0.07546696528152097,0.11711289427128767,0.6443950151782992,0.4152449355866405
unsupervised_lomo,TX83,selected_nested,mean_shift,mean_shift,,TX83,unsupervised,mHV,1,q95,1.670607882738113,2.238808551560111,-0.568200668821998,0.568200668821998,0.4812302994727496,1.1807250487854482,1.394111640829399
unsupervised_lomo,TX83,selected_nested,mean_shift,mean_shift,,TX83,unsupervised,mHV,1,sd_dprime,1.1272988929497822,1.8026230091060753,-0.6753241161562931,0.6753241161562931,0.27553564853906837,2.4509500666681916,6.007156229300813
unsupervised_lomo,TX83,selected_nested,mean_shift,mean_shift,,TX83,unsupervised,mHV,1,frac_leaf_selective,0.414,0.41679589457693295,-0.002795894576932967,0.002795894576932967,0.07585277092593821,0.036859491654732644,0.0013586221250453054
unsupervised_lomo,TX83,selected_nested,mean_shift,mean_shift,,TX83,unsupervised,mHV,1,frac_circle_selective,0.246,0.311600352693001,-0.06560035269300102,0.06560035269300102,0.04746050990033714,1.3822091846622788,1.9105022301647616
unsupervised_lomo,TX83,persistence,persistence,persistence,,TX83,unsupervised,mHV,1,q05,-1.314530849456787,-1.3387590944766998,0.02422824501991272,0.02422824501991272,0.3521985837854174,0.06879143226389055,0.0047322611529174415
unsupervised_lomo,TX83,persistence,persistence,persistence,,TX83,unsupervised,mHV,1,median,0.16494029015302658,-0.014295592904090881,0.17923588305711746,0.17923588305711746,0.11711289427128767,1.530453876768891,2.3422890689169282
unsupervised_lomo,TX83,persistence,persistence,persistence,,TX83,unsupervised,mHV,1,q95,1.670607882738113,1.3780611276626584,0.2925467550754546,0.2925467550754546,0.4812302994727496,0.6079142468709423,0.369559731548665
unsupervised_lomo,TX83,persistence,persistence,persistence,,TX83,unsupervised,mHV,1,sd_dprime,1.1272988929497822,1.0498034156600868,0.07749547728969541,0.07749547728969541,0.27553564853906837,0.28125390562196995,0.07910375942761198
unsupervised_lomo,TX83,persistence,persistence,persistence,,TX83,unsupervised,mHV,1,frac_leaf_selective,0.414,0.317,0.09699999999999998,0.09699999999999998,0.07585277092593821,1.2787930989984488,1.6353117900460565
unsupervised_lomo,TX83,persistence,persistence,persistence,,TX83,unsupervised,mHV,1,frac_circle_selective,0.246,0.32,-0.07400000000000001,0.07400000000000001,0.04746050990033714,1.5591910022752271,2.4310765815760274
unsupervised_lomo,TX85,selected_nested,mean_shift,mean_shift,,TX85,unsupervised,mHV,1,q05,-1.4496046066284178,-1.7097836166539642,0.26017901002554633,0.26017901002554633,0.3507941361203107,0.7416857445311276,0.550097743640693
unsupervised_lomo,TX85,selected_nested,mean_shift,mean_shift,,TX85,unsupervised,mHV,1,median,0.332829087972641,0.23382178232714068,0.09900730564550031,0.09900730564550031,0.07668384081878128,1.2911104163323495,1.6669661071618929
unsupervised_lomo,TX85,selected_nested,mean_shift,mean_shift,,TX85,unsupervised,mHV,1,q95,2.319331753253935,2.1786800541928644,0.14065169906107045,0.14065169906107045,0.38793516356513275,0.36256496515674996,0.1314533539591153
unsupervised_lomo,TX85,selected_nested,mean_shift,mean_shift,,TX85,unsupervised,mHV,1,sd_dprime,1.4074924895896521,1.4080566042542741,-0.0005641146646220285,0.0005641146646220285,0.2516326146242824,0.0022418185554536293,5.025750435576197e-06
unsupervised_lomo,TX85,selected_nested,mean_shift,mean_shift,,TX85,unsupervised,mHV,1,frac_leaf_selective,0.518,0.5156638243537585,0.002336175646241556,0.002336175646241556,0.05239342924996823,0.044589095993234164,0.001988187481493851
unsupervised_lomo,TX85,selected_nested,mean_shift,mean_shift,,TX85,unsupervised,mHV,1,frac_circle_selective,0.241,0.2355041213985674,0.00549587860143258,0.00549587860143258,0.04687654759350047,0.11724153939601549,0.013745578559947453
unsupervised_lomo,TX85,persistence,persistence,persistence,,TX85,unsupervised,mHV,1,q05,-1.4496046066284178,-1.1240796267986297,-0.3255249798297881,0.3255249798297881,0.3507941361203107,0.9279658532209442,0.8611206247440749
unsupervised_lomo,TX85,persistence,persistence,persistence,,TX85,unsupervised,mHV,1,median,0.332829087972641,0.13266845792531967,0.20016063004732132,0.20016063004732132,0.07668384081878128,2.6102061126585916,6.813175950560276
unsupervised_lomo,TX85,persistence,persistence,persistence,,TX85,unsupervised,mHV,1,q95,2.319331753253935,1.446475780010222,0.8728559732437129,0.8728559732437129,0.38793516356513275,2.2500047822995657,5.062521520370916
unsupervised_lomo,TX85,persistence,persistence,persistence,,TX85,unsupervised,mHV,1,sd_dprime,1.4074924895896521,0.8638843522758813,0.5436081373137708,0.5436081373137708,0.2516326146242824,2.160324638860677,4.667002545268514
unsupervised_lomo,TX85,persistence,persistence,persistence,,TX85,unsupervised,mHV,1,frac_leaf_selective,0.518,0.407,0.11100000000000004,0.11100000000000004,0.05239342924996823,2.1185862729164144,4.488407795789864
unsupervised_lomo,TX85,persistence,persistence,persistence,,TX85,unsupervised,mHV,1,frac_circle_selective,0.241,0.258,-0.017000000000000015,0.017000000000000015,0.04687654759350047,0.3626546935030066,0.13151842671975966
unsupervised_lomo,TX88,selected_nested,mean_shift,mean_shift,,TX88,unsupervised,mHV,1,q05,-1.7993071913719176,-1.841528656874391,0.0422214655024733,0.0422214655024733,0.30537663752255534,0.13826029995288946,0.019115910543062966
unsupervised_lomo,TX88,selected_nested,mean_shift,mean_shift,,TX88,unsupervised,mHV,1,median,0.10456694290041924,0.026754863603855483,0.07781207929656375,0.07781207929656375,0.11965839785560803,0.6502851508212546,0.42287077737862183
unsupervised_lomo,TX88,selected_nested,mean_shift,mean_shift,,TX88,unsupervised,mHV,1,q95,2.0624737620353697,2.1214376568073363,-0.05896389477196662,0.05896389477196662,0.4458439567101065,0.13225231358312592,0.017490674448089473
unsupervised_lomo,TX88,selected_nested,mean_shift,mean_shift,,TX88,unsupervised,mHV,1,sd_dprime,1.412925267191416,1.4755484066729236,-0.06262313948150755,0.06262313948150755,0.2506496784214171,0.2498432867574612,0.062421667937770986
unsupervised_lomo,TX88,selected_nested,mean_shift,mean_shift,,TX88,unsupervised,mHV,1,frac_leaf_selective,0.413,0.36986548520464163,0.04313451479535835,0.04313451479535835,0.07593218308840743,0.568066306550637,0.3226993286380822
unsupervised_lomo,TX88,selected_nested,mean_shift,mean_shift,,TX88,unsupervised,mHV,1,frac_circle_selective,0.306,0.34841257045992874,-0.042412570459928745,0.042412570459928745,0.04782034832877856,0.8869147118780943,0.7866177061458031
unsupervised_lomo,TX88,persistence,persistence,persistence,,TX88,unsupervised,mHV,1,q05,-1.7993071913719176,-1.299033510684967,-0.5002736806869506,0.5002736806869506,0.30537663752255534,1.6382185773788933,2.683760107269325
unsupervised_lomo,TX88,persistence,persistence,persistence,,TX88,unsupervised,mHV,1,median,0.10456694290041924,-0.07675348594784737,0.1813204288482666,0.1813204288482666,0.11965839785560803,1.5153172037876208,2.296186228094734
unsupervised_lomo,TX88,persistence,persistence,persistence,,TX88,unsupervised,mHV,1,q95,2.0624737620353697,1.3243853092193603,0.7380884528160094,0.7380884528160094,0.4458439567101065,1.655486054498489,2.7406340766389743
unsupervised_lomo,TX88,persistence,persistence,persistence,,TX88,unsupervised,mHV,1,sd_dprime,1.412925267191416,0.9009809218527148,0.5119443453387013,0.5119443453387013,0.2506496784214171,2.042469587684727,4.171682016617019
unsupervised_lomo,TX88,persistence,persistence,persistence,,TX88,unsupervised,mHV,1,frac_leaf_selective,0.413,0.281,0.13199999999999995,0.13199999999999995,0.07593218308840743,1.738393321924026,3.02201134171005
unsupervised_lomo,TX88,persistence,persistence,persistence,,TX88,unsupervised,mHV,1,frac_circle_selective,0.306,0.357,-0.05099999999999999,0.05099999999999999,0.04782034832877856,1.0664916041464276,1.1374043417148205
supervised_test,frozen,selected_nested,session_only__alpha_1000,session_only,1000.0,TX108,supervised,mHV,1,q05,-1.6843191802501678,-1.679559331738978,-0.004759848511189713,0.004759848511189713,0.3298796081645815,0.014429047426341546,0.0002081974096316136
supervised_test,frozen,selected_nested,session_only__alpha_1000,session_only,1000.0,TX108,supervised,mHV,1,median,-0.11770156770944595,-0.07588352434993895,-0.04181804335950701,0.04181804335950701,0.11193065894101012,0.3736066932434126,0.13958196123627742
supervised_test,frozen,selected_nested,session_only__alpha_1000,session_only,1000.0,TX108,supervised,mHV,1,q95,1.8048175454139685,1.451660302386825,0.35315724302714346,0.35315724302714346,0.4507994712019692,0.7834020791673031,0.6137188176436534
supervised_test,frozen,selected_nested,session_only__alpha_1000,session_only,1000.0,TX108,supervised,mHV,1,sd_dprime,1.269534564091854,1.0609542064731976,0.20858035761865645,0.20858035761865645,0.2577400078353399,0.8092665138425477,0.6549122904268704
supervised_test,frozen,selected_nested,session_only__alpha_1000,session_only,1000.0,TX108,supervised,mHV,1,frac_leaf_selective,0.322,0.28130363063123953,0.04069636936876048,0.04069636936876048,0.07237057413065064,0.562333100954696,0.31621851642932436
supervised_test,frozen,selected_nested,session_only__alpha_1000,session_only,1000.0,TX108,supervised,mHV,1,frac_circle_selective,0.433,0.4331632687545074,-0.0001632687545073952,0.0001632687545073952,0.04596677544101222,0.0035518861817251694,1.2615895447930203e-05
supervised_test,frozen,selected_nested,session_only__alpha_1000,session_only,1000.0,TX60,supervised,mHV,1,q05,-1.5346375226974487,-1.215813723264662,-0.3188237994327867,0.3188237994327867,0.3298796081645815,0.9664853223474217,0.9340938783129996
supervised_test,frozen,selected_nested,session_only__alpha_1000,session_only,1000.0,TX60,supervised,mHV,1,median,0.09592633694410324,0.13560595167921186,-0.039679614735108615,0.039679614735108615,0.11193065894101012,0.35450175233955006,0.1256714924118117
supervised_test,frozen,selected_nested,session_only__alpha_1000,session_only,1000.0,TX60,supervised,mHV,1,q95,1.6367874085903162,1.504990375376573,0.13179703321374325,0.13179703321374325,0.4507994712019692,0.2923628833510653,0.08547605556134862
supervised_test,frozen,selected_nested,session_only__alpha_1000,session_only,1000.0,TX60,supervised,mHV,1,sd_dprime,1.1817994223994321,0.9822193893144302,0.19958003308500194,0.19958003308500194,0.2577400078353399,0.7743463452228413,0.5996122623599717
supervised_test,frozen,selected_nested,session_only__alpha_1000,session_only,1000.0,TX60,supervised,mHV,1,frac_leaf_selective,0.403,0.3836936584400636,0.019306341559936435,0.019306341559936435,0.07237057413065064,0.2667706010606284,0.07116655359024894
supervised_test,frozen,selected_nested,session_only__alpha_1000,session_only,1000.0,TX60,supervised,mHV,1,frac_circle_selective,0.313,0.26905727014046843,0.04394272985953157,0.04394272985953157,0.04596677544101222,0.9559672053986461,0.9138732977976972
supervised_test,frozen,selected_nested,session_only__alpha_1000,session_only,1000.0,VR2,supervised,mHV,1,q05,-2.0399245858192443,-1.5188925233943855,-0.5210320624248588,0.5210320624248588,0.3298796081645815,1.579461262621934,2.4946978801232738
supervised_test,frozen,selected_nested,session_only__alpha_1000,session_only,1000.0,VR2,supervised,mHV,1,median,0.27392272651195526,0.1581107263672023,0.11581200014475296,0.11581200014475296,0.11193065894101012,1.0346763008496929,1.070555047540004
supervised_test,frozen,selected_nested,session_only__alpha_1000,session_only,1000.0,VR2,supervised,mHV,1,q95,2.5940214991569515,1.7964648369276657,0.7975566622292858,0.7975566622292858,0.4507994712019692,1.769204964022597,3.130086204722199
supervised_test,frozen,selected_nested,session_only__alpha_1000,session_only,1000.0,VR2,supervised,mHV,1,sd_dprime,1.6233835660016338,1.1260497109730372,0.4973338550285966,0.4973338550285966,0.2577400078353399,1.9295950954821262,3.7233372325086758
supervised_test,frozen,selected_nested,session_only__alpha_1000,session_only,1000.0,VR2,supervised,mHV,1,frac_leaf_selective,0.492,0.43694618340359553,0.05505381659640446,0.05505381659640446,0.07237057413065064,0.7607210148287034,0.5786964624020123
supervised_test,frozen,selected_nested,session_only__alpha_1000,session_only,1000.0,VR2,supervised,mHV,1,frac_circle_selective,0.308,0.27254661568234023,0.035453384317659764,0.035453384317659764,0.04596677544101222,0.7712828228109241,0.5948771927631873
supervised_test,frozen,persistence,persistence,persistence,,TX108,supervised,mHV,1,q05,-1.6843191802501678,-1.234564083814621,-0.4497550964355468,0.4497550964355468,0.3298796081645815,1.363391629261175,1.8588367347394412
supervised_test,frozen,persistence,persistence,persistence,,TX108,supervised,mHV,1,median,-0.11770156770944595,-0.18788020312786102,0.07017863541841507,0.07017863541841507,0.11193065894101012,0.6269831347584645,0.3931078512715508
supervised_test,frozen,persistence,persistence,persistence,,TX108,supervised,mHV,1,q95,1.8048175454139685,0.8419905573129643,0.9628269881010042,0.9628269881010042,0.4507994712019692,2.13582102377763,4.561731445610524
supervised_test,frozen,persistence,persistence,persistence,,TX108,supervised,mHV,1,sd_dprime,1.269534564091854,0.6513214742497367,0.6182130898421173,0.6182130898421173,0.2577400078353399,2.398591879600895,5.753243004887354
supervised_test,frozen,persistence,persistence,persistence,,TX108,supervised,mHV,1,frac_leaf_selective,0.322,0.205,0.11700000000000002,0.11700000000000002,0.07237057413065064,1.6166791738971127,2.6136515513126506
supervised_test,frozen,persistence,persistence,persistence,,TX108,supervised,mHV,1,frac_circle_selective,0.433,0.438,-0.0050000000000000044,0.0050000000000000044,0.04596677544101222,0.10877421685618026,0.01183183025267533
supervised_test,frozen,persistence,persistence,persistence,,TX60,supervised,mHV,1,q05,-1.5346375226974487,-0.8602264374494553,-0.6744110852479934,0.6744110852479934,0.3298796081645815,2.0444158067252234,4.179635990787946
supervised_test,frozen,persistence,persistence,persistence,,TX60,supervised,mHV,1,median,0.09592633694410324,0.02286594547331333,0.07306039147078991,0.07306039147078991,0.11193065894101012,0.6527290392286024,0.42605519865229435
supervised_test,frozen,persistence,persistence,persistence,,TX60,supervised,mHV,1,q95,1.6367874085903162,0.9466018348932261,0.6901855736970901,0.6901855736970901,0.4507994712019692,1.5310256949877166,2.3440396787126203
supervised_test,frozen,persistence,persistence,persistence,,TX60,supervised,mHV,1,sd_dprime,1.1817994223994321,0.6034489413851418,0.5783504810142903,0.5783504810142903,0.2577400078353399,2.2439297875081,5.035220891266148
supervised_test,frozen,persistence,persistence,persistence,,TX60,supervised,mHV,1,frac_leaf_selective,0.403,0.284,0.11900000000000005,0.11900000000000005,0.07237057413065064,1.6443147153312516,2.703770883054895
supervised_test,frozen,persistence,persistence,persistence,,TX60,supervised,mHV,1,frac_circle_selective,0.313,0.276,0.03699999999999998,0.03699999999999998,0.04596677544101222,0.8049292047357327,0.6479110246364991
supervised_test,frozen,persistence,persistence,persistence,,VR2,supervised,mHV,1,q05,-2.0399245858192443,-1.0512685000896453,-0.988656085729599,0.988656085729599,0.3298796081645815,2.997020916904766,8.982134376364684
supervised_test,frozen,persistence,persistence,persistence,,VR2,supervised,mHV,1,median,0.27392272651195526,0.04508144594728947,0.2288412805646658,0.2288412805646658,0.11193065894101012,2.0444914979484765,4.179945485183605
supervised_test,frozen,persistence,persistence,persistence,,VR2,supervised,mHV,1,q95,2.5940214991569515,1.1508451819419845,1.443176317214967,1.443176317214967,0.4507994712019692,3.201370918574988,10.248775758297661
supervised_test,frozen,persistence,persistence,persistence,,VR2,supervised,mHV,1,sd_dprime,1.6233835660016338,0.6923352388274282,0.9310483271742056,0.9310483271742056,0.2577400078353399,3.612354694149836,13.049106436346356
supervised_test,frozen,persistence,persistence,persistence,,VR2,supervised,mHV,1,frac_leaf_selective,0.492,0.333,0.15899999999999997,0.15899999999999997,0.07237057413065064,2.197025544014024,4.826921241050118
supervised_test,frozen,persistence,persistence,persistence,,VR2,supervised,mHV,1,frac_circle_selective,0.308,0.288,0.020000000000000018,0.020000000000000018,0.04596677544101222,0.43509686742472103,0.18930928404280528
unsupervised_lomo,DR10,selected_nested,persistence,persistence,,DR10,unsupervised,aHV,0,q05,-0.5036904782056808,-0.5984395414590835,0.09474906325340271,0.09474906325340271,0.13515394964423438,0.7010454633609345,0.49146474169894744
unsupervised_lomo,DR10,selected_nested,persistence,persistence,,DR10,unsupervised,aHV,0,median,0.14105339348316193,0.02111183200031519,0.11994156148284674,0.11994156148284674,0.1569112428120037,0.7643911254118957,0.5842937926084645
unsupervised_lomo,DR10,selected_nested,persistence,persistence,,DR10,unsupervised,aHV,0,q95,0.7935255169868465,0.5785770535469055,0.214948463439941,0.214948463439941,0.18017929343306052,1.192969843228949,1.4231770468537033
unsupervised_lomo,DR10,selected_nested,persistence,persistence,,DR10,unsupervised,aHV,0,sd_dprime,0.3958963304397197,0.35753538810287755,0.038360942336842174,0.038360942336842174,0.06602864550958487,0.5809742429332979,0.33753107095191864
unsupervised_lomo,DR10,selected_nested,persistence,persistence,,DR10,unsupervised,aHV,0,frac_leaf_selective,0.333,0.225,0.10800000000000001,0.10800000000000001,0.13665362887868834,0.7903192976739385,0.6246045922758274
unsupervised_lomo,DR10,selected_nested,persistence,persistence,,DR10,unsupervised,aHV,0,frac_circle_selective,0.122,0.205,-0.08299999999999999,0.08299999999999999,0.07256917881777163,1.1437362438456302,1.308132595486111
unsupervised_lomo,DR10,persistence,persistence,persistence,,DR10,unsupervised,aHV,0,q05,-0.5036904782056808,-0.5984395414590835,0.09474906325340271,0.09474906325340271,0.13515394964423438,0.7010454633609345,0.49146474169894744
unsupervised_lomo,DR10,persistence,persistence,persistence,,DR10,unsupervised,aHV,0,median,0.14105339348316193,0.02111183200031519,0.11994156148284674,0.11994156148284674,0.1569112428120037,0.7643911254118957,0.5842937926084645
unsupervised_lomo,DR10,persistence,persistence,persistence,,DR10,unsupervised,aHV,0,q95,0.7935255169868465,0.5785770535469055,0.214948463439941,0.214948463439941,0.18017929343306052,1.192969843228949,1.4231770468537033
unsupervised_lomo,DR10,persistence,persistence,persistence,,DR10,unsupervised,aHV,0,sd_dprime,0.3958963304397197,0.35753538810287755,0.038360942336842174,0.038360942336842174,0.06602864550958487,0.5809742429332979,0.33753107095191864
unsupervised_lomo,DR10,persistence,persistence,persistence,,DR10,unsupervised,aHV,0,frac_leaf_selective,0.333,0.225,0.10800000000000001,0.10800000000000001,0.13665362887868834,0.7903192976739385,0.6246045922758274
unsupervised_lomo,DR10,persistence,persistence,persistence,,DR10,unsupervised,aHV,0,frac_circle_selective,0.122,0.205,-0.08299999999999999,0.08299999999999999,0.07256917881777163,1.1437362438456302,1.308132595486111
unsupervised_lomo,DR15,selected_nested,mean_shift,mean_shift,,DR15,unsupervised,aHV,0,q05,-0.5180679619312286,-0.5801368266643964,0.06206886473316775,0.06206886473316775,0.13698872339118512,0.4530947014954205,0.20529480852322424
unsupervised_lomo,DR15,selected_nested,mean_shift,mean_shift,,DR15,unsupervised,aHV,0,median,0.16719810664653778,-0.0072160949785029516,0.17441420162504073,0.17441420162504073,0.15455956559172038,1.1284594451162455,1.2734207192720648
unsupervised_lomo,DR15,selected_nested,mean_shift,mean_shift,,DR15,unsupervised,aHV,0,q95,0.7962598860263823,0.5668255819662148,0.22943430406016752,0.22943430406016752,0.18005415416636691,1.2742516556889556,1.6237172820260446
unsupervised_lomo,DR15,selected_nested,mean_shift,mean_shift,,DR15,unsupervised,aHV,0,sd_dprime,0.4051021252326513,0.37747072470125526,0.027631400531396066,0.027631400531396066,0.06712590313744277,0.4116354378848319,0.16944373372263732
unsupervised_lomo,DR15,selected_nested,mean_shift,mean_shift,,DR15,unsupervised,aHV,0,frac_leaf_selective,0.364,0.19225569228900505,0.17174430771099494,0.17174430771099494,0.13411235960939616,1.280600149092912,1.6399367418567883
unsupervised_lomo,DR15,selected_nested,mean_shift,mean_shift,,DR15,unsupervised,aHV,0,frac_circle_selective,0.135,0.21780582797590686,-0.08280582797590685,0.08280582797590685,0.07468015131211238,1.1088063765408651,1.2294515806576827
unsupervised_lomo,DR15,persistence,persistence,persistence,,DR15,unsupervised,aHV,0,q05,-0.5180679619312286,-0.6247528642416,0.10668490231037142,0.10668490231037142,0.13698872339118512,0.7787860173404341,0.6065076608049749
unsupervised_lomo,DR15,persistence,persistence,persistence,,DR15,unsupervised,aHV,0,median,0.16719810664653778,-0.05555723048746586,0.22275533713400364,0.22275533713400364,0.15455956559172038,1.441226470074502,2.07713373804341
unsupervised_lomo,DR15,persistence,persistence,persistence,,DR15,unsupervised,aHV,0,q95,0.7962598860263823,0.5262295424938199,0.2700303435325624,0.2700303435325624,0.18005415416636691,1.4997173754905928,2.2491522063483917
unsupervised_lomo,DR15,persistence,persistence,persistence,,DR15,unsupervised,aHV,0,sd_dprime,0.4051021252326513,0.36109542242118536,0.04400670281146596,0.04400670281146596,0.06712590313744277,0.6555845173711944,0.4297910594168219
unsupervised_lomo,DR15,persistence,persistence,persistence,,DR15,unsupervised,aHV,0,frac_leaf_selective,0.364,0.168,0.19599999999999998,0.19599999999999998,0.13411235960939616,1.4614611253642267,2.135868620950872
unsupervised_lomo,DR15,persistence,persistence,persistence,,DR15,unsupervised,aHV,0,frac_circle_selective,0.135,0.249,-0.11399999999999999,0.11399999999999999,0.07468015131211238,1.5265100297341032,2.3302328708788127
unsupervised_lomo,TX104,selected_nested,mean_shift,mean_shift,,TX104,unsupervised,aHV,0,q05,-0.7116461247205734,-0.6982174943924907,-0.013428630328082725,0.013428630328082725,0.13790970491736157,0.09737262751834214,0.009481428589825801
unsupervised_lomo,TX104,selected_nested,mean_shift,mean_shift,,TX104,unsupervised,aHV,0,median,-0.004907365422695875,0.02508166893676389,-0.029989034359459765,0.029989034359459765,0.15707697394728443,0.19091935377825772,0.03645019964710753
unsupervised_lomo,TX104,selected_nested,mean_shift,mean_shift,,TX104,unsupervised,aHV,0,q95,0.7445949018001556,0.7765684231855409,-0.03197352138538523,0.03197352138538523,0.18128698785603242,0.1763696433126063,0.03110625108221597
unsupervised_lomo,TX104,selected_nested,mean_shift,mean_shift,,TX104,unsupervised,aHV,0,sd_dprime,0.5345443642252258,0.45957146228564666,0.07497290193957912,0.07497290193957912,0.060629489086048254,1.236574859358851,1.5291173827983622
unsupervised_lomo,TX104,selected_nested,mean_shift,mean_shift,,TX104,unsupervised,aHV,0,frac_leaf_selective,0.227,0.26803389705308167,-0.041033897053081664,0.041033897053081664,0.13672286881550888,0.30012460540490843,0.090074778769452
unsupervised_lomo,TX104,selected_nested,mean_shift,mean_shift,,TX104,unsupervised,aHV,0,frac_circle_selective,0.241,0.20263902099956507,0.03836097900043492,0.03836097900043492,0.07800263273945125,0.4917908236324587,0.2418582142090921
unsupervised_lomo,TX104,persistence,persistence,persistence,,TX104,unsupervised,aHV,0,q05,-0.7116461247205734,-0.7486011028289795,0.03695497810840609,0.03695497810840609,0.13790970491736157,0.2679650292236525,0.07180525688683294
unsupervised_lomo,TX104,persistence,persistence,persistence,,TX104,unsupervised,aHV,0,median,-0.004907365422695875,-0.04597093723714352,0.04106357181444764,0.04106357181444764,0.15707697394728443,0.261423242264832,0.06834211159625704
unsupervised_lomo,TX104,persistence,persistence,persistence,,TX104,unsupervised,aHV,0,q95,0.7445949018001556,0.7077272981405255,0.036867603659630155,0.036867603659630155,0.18128698785603242,0.20336596738486415,0.04135771669038163
unsupervised_lomo,TX104,persistence,persistence,persistence,,TX104,unsupervised,aHV,0,sd_dprime,0.5345443642252258,0.4435831428425685,0.09096122138265728,0.09096122138265728,0.060629489086048254,1.5002801896212714,2.250840647370038
unsupervised_lomo,TX104,persistence,persistence,persistence,,TX104,unsupervised,aHV,0,frac_leaf_selective,0.227,0.215,0.01200000000000001,0.01200000000000001,0.13672286881550888,0.08776878443205118,0.007703359520679869
unsupervised_lomo,TX104,persistence,persistence,persistence,,TX104,unsupervised,aHV,0,frac_circle_selective,0.241,0.25,-0.009000000000000008,0.009000000000000008,0.07800263273945125,0.11538072093107819,0.013312710762575345
unsupervised_lomo,TX105,selected_nested,mean_shift,mean_shift,,TX105,unsupervised,aHV,0,q05,-0.7130558550357818,-0.5659221940882677,-0.14713366094751412,0.14713366094751412,0.13775613694395167,1.0680733665417597,1.140780716315848
unsupervised_lomo,TX105,selected_nested,mean_shift,mean_shift,,TX105,unsupervised,aHV,0,median,-0.045449936762452126,0.02832235071400646,-0.07377228747645859,0.07377228747645859,0.15320710498981482,0.48152001489332336,0.23186152474286634
unsupervised_lomo,TX105,selected_nested,mean_shift,mean_shift,,TX105,unsupervised,aHV,0,q95,0.6459047377109526,0.6221638059691943,0.023740931741758287,0.023740931741758287,0.17700605118558885,0.13412497246699318,0.017989508239271677
unsupervised_lomo,TX105,selected_nested,mean_shift,mean_shift,,TX105,unsupervised,aHV,0,sd_dprime,0.42580083689903514,0.37548917068409493,0.05031166621494021,0.05031166621494021,0.06881072373655556,0.7311602535610628,0.5345953163874777
unsupervised_lomo,TX105,selected_nested,mean_shift,mean_shift,,TX105,unsupervised,aHV,0,frac_leaf_selective,0.204,0.19543562931458633,0.008564370685413658,0.008564370685413658,0.13498300157533064,0.06344777183395271,0.004025619750693323
unsupervised_lomo,TX105,selected_nested,mean_shift,mean_shift,,TX105,unsupervised,aHV,0,frac_circle_selective,0.265,0.1868953250578823,0.0781046749421177,0.0781046749421177,0.0754840333164192,1.0347178272087438,1.0706409819435838
unsupervised_lomo,TX105,persistence,persistence,persistence,,TX105,unsupervised,aHV,0,q05,-0.7130558550357818,-0.6338802516460419,-0.07917560338973995,0.07917560338973995,0.13775613694395167,0.5747519141158396,0.33033976277982147
unsupervised_lomo,TX105,persistence,persistence,persistence,,TX105,unsupervised,aHV,0,median,-0.045449936762452126,-0.0475950613617897,0.002145124599337578,0.002145124599337578,0.15320710498981482,0.014001469445429343,0.0001960411466312915
unsupervised_lomo,TX105,persistence,persistence,persistence,,TX105,unsupervised,aHV,0,q95,0.6459047377109526,0.5583189398050306,0.08758579790592202,0.08758579790592202,0.17700605118558885,0.49481809982919345,0.24484495191857364
unsupervised_lomo,TX105,persistence,persistence,persistence,,TX105,unsupervised,aHV,0,sd_dprime,0.42580083689903514,0.36140551371467894,0.0643953231843562,0.0643953231843562,0.06881072373655556,0.9358326680430817,0.8757827825766328
unsupervised_lomo,TX105,persistence,persistence,persistence,,TX105,unsupervised,aHV,0,frac_leaf_selective,0.204,0.159,0.044999999999999984,0.044999999999999984,0.13498300157533064,0.33337531003773546,0.11113909734275625
unsupervised_lomo,TX105,persistence,persistence,persistence,,TX105,unsupervised,aHV,0,frac_circle_selective,0.265,0.233,0.032,0.032,0.0754840333164192,0.4239307121528626,0.17971724870643324
unsupervised_lomo,TX119,selected_nested,mean_shift,mean_shift,,TX119,unsupervised,aHV,0,q05,-0.6496993720531463,-0.6516048595075141,0.0019054874543678046,0.0019054874543678046,0.142297415731246,0.013390878847488397,0.0001793156363081122
unsupervised_lomo,TX119,selected_nested,mean_shift,mean_shift,,TX119,unsupervised,aHV,0,median,-0.02415885590016842,0.11777574081497733,-0.14193459671514574,0.14193459671514574,0.15546341779917935,0.9129774626368402,0.8335278472828029
unsupervised_lomo,TX119,selected_nested,mean_shift,mean_shift,,TX119,unsupervised,aHV,0,q95,0.6436231404542918,0.7997080326779524,-0.15608489222366062,0.15608489222366062,0.17680117931712153,0.8828272120498535,0.779383886335717
unsupervised_lomo,TX119,selected_nested,mean_shift,mean_shift,,TX119,unsupervised,aHV,0,sd_dprime,0.4241421733466929,0.5015921475846603,-0.0774499742379674,0.0774499742379674,0.06871417834622862,1.127132363392631,1.2704273646070579
unsupervised_lomo,TX119,selected_nested,mean_shift,mean_shift,,TX119,unsupervised,aHV,0,frac_leaf_selective,0.195,0.32408306522385305,-0.12908306522385304,0.12908306522385304,0.13412361036425635,0.9624186589764914,0.926249675146108
unsupervised_lomo,TX119,selected_nested,mean_shift,mean_shift,,TX119,unsupervised,aHV,0,frac_circle_selective,0.261,0.17100437412239453,0.08999562587760548,0.08999562587760548,0.07599424320302163,1.1842426752928983,1.4024307139848808
unsupervised_lomo,TX119,persistence,persistence,persistence,,TX119,unsupervised,aHV,0,q05,-0.6496993720531463,-0.6980007410049438,0.048301368951797485,0.048301368951797485,0.142297415731246,0.3394395372789006,0.11521919946811414
unsupervised_lomo,TX119,persistence,persistence,persistence,,TX119,unsupervised,aHV,0,median,-0.02415885590016842,0.03428473882377148,-0.058443594723939896,0.058443594723939896,0.15546341779917935,0.3759314927672226,0.14132448725419233
unsupervised_lomo,TX119,persistence,persistence,persistence,,TX119,unsupervised,aHV,0,q95,0.6436231404542918,0.7168327152729032,-0.07320957481861134,0.07320957481861134,0.17680117931712153,0.41407854348809586,0.17146104017722288
unsupervised_lomo,TX119,persistence,persistence,persistence,,TX119,unsupervised,aHV,0,sd_dprime,0.4241421733466929,0.4672907208983121,-0.043148547551619176,0.043148547551619176,0.06871417834622862,0.6279424216383341,0.3943116848930154
unsupervised_lomo,TX119,persistence,persistence,persistence,,TX119,unsupervised,aHV,0,frac_leaf_selective,0.195,0.255,-0.06,0.06,0.13412361036425635,0.4473485304865449,0.20012070772847118
unsupervised_lomo,TX119,persistence,persistence,persistence,,TX119,unsupervised,aHV,0,frac_circle_selective,0.261,0.221,0.04000000000000001,0.04000000000000001,0.07599424320302163,0.5263556595088187,0.2770502802969635
unsupervised_lomo,TX123,selected_nested,mean_shift,mean_shift,,TX123,unsupervised,aHV,0,q05,-0.603063952922821,-0.6281248859303995,0.0250609330075785,0.0250609330075785,0.14268957453265949,0.175632544211157,0.03084679058608402
unsupervised_lomo,TX123,selected_nested,mean_shift,mean_shift,,TX123,unsupervised,aHV,0,median,0.0015303442487493157,0.05467604350997135,-0.053145699261222035,0.053145699261222035,0.15752852308331797,0.3373719134858701,0.11381980800911741
unsupervised_lomo,TX123,selected_nested,mean_shift,mean_shift,,TX123,unsupervised,aHV,0,q95,0.6399874746799467,0.7231959549167757,-0.08320848023682903,0.08320848023682903,0.17646443362819156,0.471531166513408,0.2223416409934953
unsupervised_lomo,TX123,selected_nested,mean_shift,mean_shift,,TX123,unsupervised,aHV,0,sd_dprime,0.406282692190917,0.441841206952034,-0.03555851476111699,0.03555851476111699,0.06725067258274588,0.5287458607550051,0.2795721852655512
unsupervised_lomo,TX123,selected_nested,mean_shift,mean_shift,,TX123,unsupervised,aHV,0,frac_leaf_selective,0.215,0.28664206125513547,-0.07164206125513548,0.07164206125513548,0.13589596861465125,0.5271831238664985,0.2779220460896399
unsupervised_lomo,TX123,selected_nested,mean_shift,mean_shift,,TX123,unsupervised,aHV,0,frac_circle_selective,0.211,0.19750041669679047,0.013499583303209522,0.013499583303209522,0.07941830933193464,0.16998074394642457,0.02889345331257995
unsupervised_lomo,TX123,persistence,persistence,persistence,,TX123,unsupervised,aHV,0,q05,-0.603063952922821,-0.675020158290863,0.07195620536804204,0.07195620536804204,0.14268957453265949,0.5042849528685949,0.25430331368968095
unsupervised_lomo,TX123,persistence,persistence,persistence,,TX123,unsupervised,aHV,0,median,0.0015303442487493157,-0.01894952543079853,0.020479869679547846,0.020479869679547846,0.15752852308331797,0.13000737440238613,0.016901917399002205
unsupervised_lomo,TX123,persistence,persistence,persistence,,TX123,unsupervised,aHV,0,q95,0.6399874746799467,0.6483146727085112,-0.00832719802856452,0.00832719802856452,0.17646443362819156,0.047189101267339946,0.0022268112784192646
unsupervised_lomo,TX123,persistence,persistence,persistence,,TX123,unsupervised,aHV,0,sd_dprime,0.406282692190917,0.4154772440366999,-0.009194551845782883,0.009194551845782883,0.06725067258274588,0.1367205931579319,0.018692520593456732
unsupervised_lomo,TX123,persistence,persistence,persistence,,TX123,unsupervised,aHV,0,frac_leaf_selective,0.215,0.228,-0.013000000000000012,0.013000000000000012,0.13589596861465125,0.09566141021344803,0.009151105404025578
unsupervised_lomo,TX123,persistence,persistence,persistence,,TX123,unsupervised,aHV,0,frac_circle_selective,0.211,0.242,-0.031,0.031,0.07941830933193464,0.39033820111220485,0.15236391124751208
unsupervised_lomo,TX83,selected_nested,mean_shift,mean_shift,,TX83,unsupervised,aHV,0,q05,-0.6290718764066696,-0.5960071207934604,-0.03306475561320921,0.03306475561320921,0.14277327246202434,0.23158925366793678,0.05363358241447197
unsupervised_lomo,TX83,selected_nested,mean_shift,mean_shift,,TX83,unsupervised,aHV,0,median,-0.011138411238789558,0.026860705591388978,-0.037999116830178536,0.037999116830178536,0.15659817878670304,0.24265363189143993,0.05888078507010643
unsupervised_lomo,TX83,selected_nested,mean_shift,mean_shift,,TX83,unsupervised,aHV,0,q95,0.6212554812431331,0.728588806103052,-0.10733332485991887,0.10733332485991887,0.17452632752276415,0.614997899648802,0.378222416572438
unsupervised_lomo,TX83,selected_nested,mean_shift,mean_shift,,TX83,unsupervised,aHV,0,sd_dprime,0.387473375166694,0.49204047112719834,-0.10456709596050434,0.10456709596050434,0.06482466932229365,1.6130756555134944,2.6020130704102895
unsupervised_lomo,TX83,selected_nested,mean_shift,mean_shift,,TX83,unsupervised,aHV,0,frac_leaf_selective,0.198,0.24560677822823243,-0.04760677822823242,0.04760677822823242,0.1344214454616524,0.35416058847405885,0.12542972242829167
unsupervised_lomo,TX83,selected_nested,mean_shift,mean_shift,,TX83,unsupervised,aHV,0,frac_circle_selective,0.235,0.20529436401171777,0.029705635988282214,0.029705635988282214,0.07843548304179684,0.37872701022893707,0.1434341482769494
unsupervised_lomo,TX83,persistence,persistence,persistence,,TX83,unsupervised,aHV,0,q05,-0.6290718764066696,-0.6511739790439606,0.022102102637290955,0.022102102637290955,0.14277327246202434,0.15480560371108534,0.0239647749403536
unsupervised_lomo,TX83,persistence,persistence,persistence,,TX83,unsupervised,aHV,0,median,-0.011138411238789558,-0.045081909745931625,0.03394349850714207,0.03394349850714207,0.15659817878670304,0.21675538483353202,0.04698289685433256
unsupervised_lomo,TX83,persistence,persistence,persistence,,TX83,unsupervised,aHV,0,q95,0.6212554812431331,0.6508271664381021,-0.029571685194969,0.029571685194969,0.17452632752276415,0.16943968061845482,0.028709805368083974
unsupervised_lomo,TX83,persistence,persistence,persistence,,TX83,unsupervised,aHV,0,sd_dprime,0.387473375166694,0.45478039334218956,-0.06730701817549556,0.06730701817549556,0.06482466932229365,1.03829327444557,1.0780529237589036
unsupervised_lomo,TX83,persistence,persistence,persistence,,TX83,unsupervised,aHV,0,frac_leaf_selective,0.198,0.195,0.0030000000000000027,0.0030000000000000027,0.1344214454616524,0.022317867433257435,0.0004980872067684528
unsupervised_lomo,TX83,persistence,persistence,persistence,,TX83,unsupervised,aHV,0,frac_circle_selective,0.235,0.251,-0.016000000000000014,0.016000000000000014,0.07843548304179684,0.20398930916858005,0.04161163825507454
unsupervised_lomo,TX85,selected_nested,dual_full_svd_behavior__alpha_100,dual_full_svd_behavior,100.0,TX85,unsupervised,aHV,0,q05,-0.3967582270503044,-0.507685395613574,0.11092716856326956,0.11092716856326956,0.111660791682713,0.993429895056377,0.9869029563917242
unsupervised_lomo,TX85,selected_nested,dual_full_svd_behavior__alpha_100,dual_full_svd_behavior,100.0,TX85,unsupervised,aHV,0,median,0.40902426838874817,0.2073028502548936,0.20172141813385458,0.20172141813385458,0.08184688415762942,2.4646193952277775,6.074348763332936
unsupervised_lomo,TX85,selected_nested,dual_full_svd_behavior__alpha_100,dual_full_svd_behavior,100.0,TX85,unsupervised,aHV,0,q95,1.1569365561008453,0.9918736306158338,0.16506292548501156,0.16506292548501156,0.0735381932721626,2.2445877188486087,5.038174027606001
unsupervised_lomo,TX85,selected_nested,dual_full_svd_behavior__alpha_100,dual_full_svd_behavior,100.0,TX85,unsupervised,aHV,0,sd_dprime,0.5238133329519056,0.4925236923302107,0.03128964062169487,0.03128964062169487,0.06284482957010573,0.49788726989529214,0.2478917335237875
unsupervised_lomo,TX85,selected_nested,dual_full_svd_behavior__alpha_100,dual_full_svd_behavior,100.0,TX85,unsupervised,aHV,0,frac_leaf_selective,0.581,0.3719807651975002,0.2090192348024998,0.2090192348024998,0.06723466367878997,3.1088016711302084,9.664647830421977
unsupervised_lomo,TX85,selected_nested,dual_full_svd_behavior__alpha_100,dual_full_svd_behavior,100.0,TX85,unsupervised,aHV,0,frac_circle_selective,0.073,0.17851205550306193,-0.10551205550306193,0.10551205550306193,0.060053398857064816,1.756970588029411,3.0869456472004146
unsupervised_lomo,TX85,persistence,persistence,persistence,,TX85,unsupervised,aHV,0,q05,-0.3967582270503044,-0.5649197280406952,0.16816150099039084,0.16816150099039084,0.111660791682713,1.5060031229961726,2.268045406474225
unsupervised_lomo,TX85,persistence,persistence,persistence,,TX85,unsupervised,aHV,0,median,0.40902426838874817,0.2666581869125366,0.14236608147621155,0.14236608147621155,0.08184688415762942,1.7394196852017951,3.0255808412675123
unsupervised_lomo,TX85,persistence,persistence,persistence,,TX85,unsupervised,aHV,0,q95,1.1569365561008453,1.0912335276603697,0.0657030284404756,0.0657030284404756,0.0735381932721626,0.8934544828605009,0.7982609129435251
unsupervised_lomo,TX85,persistence,persistence,persistence,,TX85,unsupervised,aHV,0,sd_dprime,0.5238133329519056,0.5160848849925866,0.007728447959318929,0.007728447959318929,0.06284482957010573,0.12297667146503373,0.015123261724618841
unsupervised_lomo,TX85,persistence,persistence,persistence,,TX85,unsupervised,aHV,0,frac_leaf_selective,0.581,0.477,0.10399999999999998,0.10399999999999998,0.06723466367878997,1.5468211531012404,2.3926556796814507
unsupervised_lomo,TX85,persistence,persistence,persistence,,TX85,unsupervised,aHV,0,frac_circle_selective,0.073,0.142,-0.06899999999999999,0.06899999999999999,0.060053398857064816,1.1489774319723234,1.320149139181715
unsupervised_lomo,TX88,selected_nested,mean_shift,mean_shift,,TX88,unsupervised,aHV,0,q05,-0.8452800899744034,-0.7769631990950965,-0.06831689087930692,0.06831689087930692,0.11030124874732725,0.6193664319776102,0.38361477706067565
unsupervised_lomo,TX88,selected_nested,mean_shift,mean_shift,,TX88,unsupervised,aHV,0,median,-0.030476918444037437,-0.050178458433947526,0.01970153998991009,0.01970153998991009,0.15484639608041958,0.1272327964267123,0.016188184486561216
unsupervised_lomo,TX88,selected_nested,mean_shift,mean_shift,,TX88,unsupervised,aHV,0,q95,0.6503330737352365,0.7364252647137982,-0.08609219097856169,0.08609219097856169,0.17738955051288738,0.4853284239665914,0.23554367910989552
unsupervised_lomo,TX88,selected_nested,mean_shift,mean_shift,,TX88,unsupervised,aHV,0,sd_dprime,0.5458248316511273,0.47971971907347566,0.06610511257765161,0.06610511257765161,0.05786610941098518,1.1423804581045907,1.3050331110592543
unsupervised_lomo,TX88,selected_nested,mean_shift,mean_shift,,TX88,unsupervised,aHV,0,frac_leaf_selective,0.198,0.1894989627078999,0.008501037292100111,0.008501037292100111,0.1344214454616524,0.06324167444342262,0.003999509386407853
unsupervised_lomo,TX88,selected_nested,mean_shift,mean_shift,,TX88,unsupervised,aHV,0,frac_circle_selective,0.283,0.28551967278111823,-0.002519672781118254,0.002519672781118254,0.07270770739258468,0.03465482369720862,0.001200956805484612
unsupervised_lomo,TX88,persistence,persistence,persistence,,TX88,unsupervised,aHV,0,q05,-0.8452800899744034,-0.8325934559106827,-0.012686634063720725,0.012686634063720725,0.11030124874732725,0.11501804565044092,0.013229150825246913
unsupervised_lomo,TX88,persistence,persistence,persistence,,TX88,unsupervised,aHV,0,median,-0.030476918444037437,-0.11570988968014717,0.08523297123610973,0.08523297123610973,0.15484639608041958,0.5504356148647072,0.30297936611148824
unsupervised_lomo,TX88,persistence,persistence,persistence,,TX88,unsupervised,aHV,0,q95,0.6503330737352365,0.66087646484375,-0.010543391108513434,0.010543391108513434,0.17738955051288738,0.059436370846136476,0.003532682179359462
unsupervised_lomo,TX88,persistence,persistence,persistence,,TX88,unsupervised,aHV,0,sd_dprime,0.5458248316511273,0.46189873794017533,0.08392609371095194,0.08392609371095194,0.05786610941098518,1.4503496876708906,2.1035142165270497
unsupervised_lomo,TX88,persistence,persistence,persistence,,TX88,unsupervised,aHV,0,frac_leaf_selective,0.198,0.151,0.047000000000000014,0.047000000000000014,0.1344214454616524,0.3496465897876996,0.12225273775016786
unsupervised_lomo,TX88,persistence,persistence,persistence,,TX88,unsupervised,aHV,0,frac_circle_selective,0.283,0.335,-0.052000000000000046,0.052000000000000046,0.07270770739258468,0.7151924034576755,0.5115001739635665
supervised_test,frozen,selected_nested,mean_shift,mean_shift,,TX108,supervised,aHV,0,q05,-0.9032981276512145,-0.8805902019300004,-0.02270792572121416,0.02270792572121416,0.13360635165579401,0.16996142353857474,0.028886885491258788
supervised_test,frozen,selected_nested,mean_shift,mean_shift,,TX108,supervised,aHV,0,median,0.026161236688494682,-0.12017215435237934,0.146333391040874,0.146333391040874,0.1493834768803793,0.9795821739913866,0.9595812356016912
supervised_test,frozen,selected_nested,mean_shift,mean_shift,,TX108,supervised,aHV,0,q95,0.9822114676237106,0.6332561708326684,0.3489552967910422,0.3489552967910422,0.16957885782135435,2.0577759590682874,4.23444189771941
supervised_test,frozen,selected_nested,mean_shift,mean_shift,,TX108,supervised,aHV,0,sd_dprime,0.6228561025601621,0.5131882905379561,0.10966781202220599,0.10966781202220599,0.06499658776621796,1.6872856836217784,2.8469329781550123
supervised_test,frozen,selected_nested,mean_shift,mean_shift,,TX108,supervised,aHV,0,frac_leaf_selective,0.317,0.1828971073778086,0.1341028926221914,0.1341028926221914,0.1293958182391447,1.0363773300180943,1.074077970175434
supervised_test,frozen,selected_nested,mean_shift,mean_shift,,TX108,supervised,aHV,0,frac_circle_selective,0.264,0.3147215063121995,-0.05072150631219946,0.05072150631219946,0.07435126838939003,0.6821875054849427,0.4653797926397687
supervised_test,frozen,selected_nested,mean_shift,mean_shift,,TX60,supervised,aHV,0,q05,-0.6889041811227798,-0.7539988323296096,0.06509465120682978,0.06509465120682978,0.13360635165579401,0.4872122500173581,0.23737577656697664
supervised_test,frozen,selected_nested,mean_shift,mean_shift,,TX60,supervised,aHV,0,median,0.16665159910917282,0.04683539158819865,0.11981620752097417,0.11981620752097417,0.1493834768803793,0.8020713536940802,0.6433184564166543
supervised_test,frozen,selected_nested,mean_shift,mean_shift,,TX60,supervised,aHV,0,q95,1.0275474667549134,0.7684236291630245,0.25912383759188884,0.25912383759188884,0.16957885782135435,1.528043300450031,2.334916328050223
supervised_test,frozen,selected_nested,mean_shift,mean_shift,,TX60,supervised,aHV,0,sd_dprime,0.5524954591294919,0.5050964831090663,0.04739897602042564,0.04739897602042564,0.06499658776621796,0.7292532985102536,0.531810373388085
supervised_test,frozen,selected_nested,mean_shift,mean_shift,,TX60,supervised,aHV,0,frac_leaf_selective,0.403,0.2729944582216197,0.1300055417783803,0.1300055417783803,0.1293958182391447,1.0047120807112078,1.0094463651270444
supervised_test,frozen,selected_nested,mean_shift,mean_shift,,TX60,supervised,aHV,0,frac_circle_selective,0.188,0.21407440426207136,-0.02607440426207136,0.02607440426207136,0.07435126838939003,0.35069212438334396,0.1229849661045028
supervised_test,frozen,selected_nested,mean_shift,mean_shift,,VR2,supervised,aHV,0,q05,-0.6150273650884628,-0.6459023824301671,0.03087501734170428,0.03087501734170428,0.13360635165579401,0.23108944267295503,0.05340233051489697
supervised_test,frozen,selected_nested,mean_shift,mean_shift,,VR2,supervised,aHV,0,median,0.3941052556037903,0.09817599858312558,0.2959292570206647,0.2959292570206647,0.1493834768803793,1.9810039450188575,3.9243766301802765
supervised_test,frozen,selected_nested,mean_shift,mean_shift,,VR2,supervised,aHV,0,q95,1.3006724059581756,0.8064601177066566,0.49421228825151897,0.49421228825151897,0.16957885782135435,2.9143508489257255,8.493440870634096
supervised_test,frozen,selected_nested,mean_shift,mean_shift,,VR2,supervised,aHV,0,sd_dprime,0.5901535885702188,0.46699656797601025,0.12315702059420858,0.12315702059420858,0.06499658776621796,1.8948228641968734,3.590353686683243
supervised_test,frozen,selected_nested,mean_shift,mean_shift,,VR2,supervised,aHV,0,frac_leaf_selective,0.572,0.314706765308354,0.25729323469164594,0.25729323469164594,0.1293958182391447,1.9884200138224393,3.9538141513696297
supervised_test,frozen,selected_nested,mean_shift,mean_shift,,VR2,supervised,aHV,0,frac_circle_selective,0.101,0.1791035791421093,-0.0781035791421093,0.0781035791421093,0.07435126838939003,1.0504673401544113,1.1034816327310837
supervised_test,frozen,persistence,persistence,persistence,,TX108,supervised,aHV,0,q05,-0.9032981276512145,-0.9284844756126404,0.025186347961425826,0.025186347961425826,0.13360635165579401,0.18851160629183744,0.035536625706728726
supervised_test,frozen,persistence,persistence,persistence,,TX108,supervised,aHV,0,median,0.026161236688494682,-0.18789264559745789,0.21405388228595257,0.21405388228595257,0.1493834768803793,1.4329153849950815,2.053246500555603
supervised_test,frozen,persistence,persistence,persistence,,TX108,supervised,aHV,0,q95,0.9822114676237106,0.5679749190807339,0.41423654854297665,0.41423654854297665,0.16957885782135435,2.4427369889432855,5.9669639971517086
supervised_test,frozen,persistence,persistence,persistence,,TX108,supervised,aHV,0,sd_dprime,0.6228561025601621,0.48708686583543354,0.13576923672472857,0.13576923672472857,0.06499658776621796,2.0888671450425704,4.363365949638299
supervised_test,frozen,persistence,persistence,persistence,,TX108,supervised,aHV,0,frac_leaf_selective,0.317,0.144,0.17300000000000001,0.17300000000000001,0.1293958182391447,1.3369829284611627,1.7875233509965867
supervised_test,frozen,persistence,persistence,persistence,,TX108,supervised,aHV,0,frac_circle_selective,0.264,0.367,-0.10299999999999998,0.10299999999999998,0.07435126838939003,1.3853159768650045,1.9191003557574418
supervised_test,frozen,persistence,persistence,persistence,,TX60,supervised,aHV,0,q05,-0.6889041811227798,-0.8008393436670304,0.11193516254425051,0.11193516254425051,0.13360635165579401,0.8377982121136401,0.7019058442208119
supervised_test,frozen,persistence,persistence,persistence,,TX60,supervised,aHV,0,median,0.16665159910917282,-0.020885099656879902,0.18753669876605272,0.18753669876605272,0.1493834768803793,1.255404564697775,1.5760406210640099
supervised_test,frozen,persistence,persistence,persistence,,TX60,supervised,aHV,0,q95,1.0275474667549134,0.7030392944812773,0.32450817227363604,0.32450817227363604,0.16957885782135435,1.9136122063960033,3.66191167646778
supervised_test,frozen,persistence,persistence,persistence,,TX60,supervised,aHV,0,sd_dprime,0.5524954591294919,0.47940661826908676,0.07308884086040518,0.07308884086040518,0.06499658776621796,1.1245027373328231,1.2645064062690121
supervised_test,frozen,persistence,persistence,persistence,,TX60,supervised,aHV,0,frac_leaf_selective,0.403,0.223,0.18000000000000002,0.18000000000000002,0.1293958182391447,1.39108050360121,1.9351049674993959
supervised_test,frozen,persistence,persistence,persistence,,TX60,supervised,aHV,0,frac_circle_selective,0.188,0.259,-0.07100000000000001,0.07100000000000001,0.07435126838939003,0.9549265471593723,0.9118847104697209
supervised_test,frozen,persistence,persistence,persistence,,VR2,supervised,aHV,0,q05,-0.6150273650884628,-0.6942226767539978,0.07919531166553506,0.07919531166553506,0.13360635165579401,0.5927510981630839,0.35135386437354194
supervised_test,frozen,persistence,persistence,persistence,,VR2,supervised,aHV,0,median,0.3941052556037903,0.030455507338047028,0.36364974826574326,0.36364974826574326,0.1493834768803793,2.4343371560225524,5.925997389191969
supervised_test,frozen,persistence,persistence,persistence,,VR2,supervised,aHV,0,q95,1.3006724059581756,0.7410327106714245,0.5596396952867511,0.5596396952867511,0.16957885782135435,3.300173750882983,10.891146786017057
supervised_test,frozen,persistence,persistence,persistence,,VR2,supervised,aHV,0,sd_dprime,0.5901535885702188,0.4432445144313264,0.14690907413889243,0.14690907413889243,0.06499658776621796,2.2602582564380183,5.10876738579623
supervised_test,frozen,persistence,persistence,persistence,,VR2,supervised,aHV,0,frac_leaf_selective,0.572,0.261,0.31099999999999994,0.31099999999999994,0.1293958182391447,2.4034779812220894,5.776706406219411
supervised_test,frozen,persistence,persistence,persistence,,VR2,supervised,aHV,0,frac_circle_selective,0.101,0.22,-0.119,0.119,0.07435126838939003,1.600510691717821,2.5616344743030575
unsupervised_lomo,DR10,selected_nested,dual_full_svd__alpha_100,dual_full_svd,100.0,DR10,unsupervised,aHV,1,q05,-0.5260860204696656,-0.5871264997464728,0.061040479276807225,0.061040479276807225,0.09328775501534987,0.6543246674417604,0.4281407704227704
unsupervised_lomo,DR10,selected_nested,dual_full_svd__alpha_100,dual_full_svd,100.0,DR10,unsupervised,aHV,1,median,0.0952189713716507,0.1015577185816702,-0.0063387472100195075,0.0063387472100195075,0.13626921643869913,0.04651635472543427,0.0021637712569424314
unsupervised_lomo,DR10,selected_nested,dual_full_svd__alpha_100,dual_full_svd,100.0,DR10,unsupervised,aHV,1,q95,0.7672024637460703,0.724048229168387,0.043154234577683304,0.043154234577683304,0.15867966625310803,0.2719581884477152,0.07396125626376297
unsupervised_lomo,DR10,selected_nested,dual_full_svd__alpha_100,dual_full_svd,100.0,DR10,unsupervised,aHV,1,sd_dprime,0.4102979558888247,0.3752814077788575,0.03501654810996718,0.03501654810996718,0.08164343464197352,0.4288960681715968,0.18395183729305503
unsupervised_lomo,DR10,selected_nested,dual_full_svd__alpha_100,dual_full_svd,100.0,DR10,unsupervised,aHV,1,frac_leaf_selective,0.312,0.322464471671034,-0.010464471671033981,0.010464471671033981,0.09952601956990227,0.10514307430615409,0.01105506607454944
unsupervised_lomo,DR10,selected_nested,dual_full_svd__alpha_100,dual_full_svd,100.0,DR10,unsupervised,aHV,1,frac_circle_selective,0.151,0.16367189697306617,-0.012671896973066171,0.012671896973066171,0.08094519751041442,0.1565490895421659,0.024507617436481076
unsupervised_lomo,DR10,persistence,persistence,persistence,,DR10,unsupervised,aHV,1,q05,-0.5260860204696656,-0.5984395414590835,0.07235352098941794,0.07235352098941794,0.09328775501534987,0.7755950497202195,0.6015476811505098
unsupervised_lomo,DR10,persistence,persistence,persistence,,DR10,unsupervised,aHV,1,median,0.0952189713716507,0.02111183200031519,0.0741071393713355,0.0741071393713355,0.13626921643869913,0.5438289094784124,0.29574988278447933
unsupervised_lomo,DR10,persistence,persistence,persistence,,DR10,unsupervised,aHV,1,q95,0.7672024637460703,0.5785770535469055,0.1886254101991648,0.1886254101991648,0.15867966625310803,1.1887182186171898,1.413051003272425
unsupervised_lomo,DR10,persistence,persistence,persistence,,DR10,unsupervised,aHV,1,sd_dprime,0.4102979558888247,0.35753538810287755,0.05276256778594712,0.05276256778594712,0.08164343464197352,0.6462561015141501,0.41764694874426755
unsupervised_lomo,DR10,persistence,persistence,persistence,,DR10,unsupervised,aHV,1,frac_leaf_selective,0.312,0.225,0.087,0.087,0.09952601956990227,0.8741432680214383,0.7641264530272001
unsupervised_lomo,DR10,persistence,persistence,persistence,,DR10,unsupervised,aHV,1,frac_circle_selective,0.151,0.205,-0.05399999999999999,0.05399999999999999,0.08094519751041442,0.6671180213384784,0.4450464543945665
unsupervised_lomo,DR15,selected_nested,dual_full_svd__alpha_100,dual_full_svd,100.0,DR15,unsupervised,aHV,1,q05,-0.6450313717126847,-0.5869872711241582,-0.05804410058852649,0.05804410058852649,0.10716050419157454,0.5416557249932218,0.2933909244179327
unsupervised_lomo,DR15,selected_nested,dual_full_svd__alpha_100,dual_full_svd,100.0,DR15,unsupervised,aHV,1,median,0.0038220324786379933,0.033747402882710914,-0.02992537040407292,0.02992537040407292,0.13393549055710566,0.22343122259528167,0.04992151123042231
unsupervised_lomo,DR15,selected_nested,dual_full_svd__alpha_100,dual_full_svd,100.0,DR15,unsupervised,aHV,1,q95,0.63881419301033,0.6909295392336646,-0.05211534622333458,0.05211534622333458,0.14460550391346572,0.3603966986935798,0.12988578042923096
unsupervised_lomo,DR15,selected_nested,dual_full_svd__alpha_100,dual_full_svd,100.0,DR15,unsupervised,aHV,1,sd_dprime,0.3918009348621091,0.42134153582024364,-0.029540600958134544,0.029540600958134544,0.07845895877985343,0.3765102343637007,0.1417599565806088
unsupervised_lomo,DR15,selected_nested,dual_full_svd__alpha_100,dual_full_svd,100.0,DR15,unsupervised,aHV,1,frac_leaf_selective,0.229,0.25047611507607004,-0.02147611507607003,0.02147611507607003,0.09486748276261095,0.22638015103457734,0.05124797278243805
unsupervised_lomo,DR15,selected_nested,dual_full_svd__alpha_100,dual_full_svd,100.0,DR15,unsupervised,aHV,1,frac_circle_selective,0.213,0.2056882137791881,0.007311786220811883,0.007311786220811883,0.08331770091471732,0.08775789706794852,0.007701448497788648
unsupervised_lomo,DR15,persistence,persistence,persistence,,DR15,unsupervised,aHV,1,q05,-0.6450313717126847,-0.6247528642416,-0.020278507471084617,0.020278507471084617,0.10716050419157454,0.18923490164652482,0.035809848001169924
unsupervised_lomo,DR15,persistence,persistence,persistence,,DR15,unsupervised,aHV,1,median,0.0038220324786379933,-0.05555723048746586,0.05937926296610385,0.05937926296610385,0.13393549055710566,0.44334225916607595,0.19655235876248006
unsupervised_lomo,DR15,persistence,persistence,persistence,,DR15,unsupervised,aHV,1,q95,0.63881419301033,0.5262295424938199,0.11258465051651012,0.11258465051651012,0.14460550391346572,0.7785640758451532,0.6061620201966175
unsupervised_lomo,DR15,persistence,persistence,persistence,,DR15,unsupervised,aHV,1,sd_dprime,0.3918009348621091,0.36109542242118536,0.030705512440923732,0.030705512440923732,0.07845895877985343,0.3913576335760429,0.15316079735824029
unsupervised_lomo,DR15,persistence,persistence,persistence,,DR15,unsupervised,aHV,1,frac_leaf_selective,0.229,0.168,0.061,0.061,0.09486748276261095,0.6430021986842602,0.41345182751279286
unsupervised_lomo,DR15,persistence,persistence,persistence,,DR15,unsupervised,aHV,1,frac_circle_selective,0.213,0.249,-0.036000000000000004,0.036000000000000004,0.08331770091471732,0.4320810536628829,0.1866940369344271
unsupervised_lomo,TX104,selected_nested,dual_full__alpha_100,dual_full,100.0,TX104,unsupervised,aHV,1,q05,-0.7685055643320083,-0.7571277399068486,-0.011377824425159777,0.011377824425159777,0.0977723385277268,0.11637058698287342,0.013542113514738508
unsupervised_lomo,TX104,selected_nested,dual_full__alpha_100,dual_full,100.0,TX104,unsupervised,aHV,1,median,0.10549283772706985,-0.009050327985688694,0.11454316571275855,0.11454316571275855,0.1359128704535236,0.8427690867725983,0.7102597336195193
unsupervised_lomo,TX104,selected_nested,dual_full__alpha_100,dual_full,100.0,TX104,unsupervised,aHV,1,q95,0.8854948014020919,0.7969827452307776,0.0885120561713143,0.0885120561713143,0.1562765291948681,0.5663809954529047,0.3207874320102232
unsupervised_lomo,TX104,selected_nested,dual_full__alpha_100,dual_full,100.0,TX104,unsupervised,aHV,1,sd_dprime,0.6310179493092835,0.48719389711037403,0.14382405219890942,0.14382405219890942,0.06529739719276745,2.2026000787492315,4.851447106906121
unsupervised_lomo,TX104,selected_nested,dual_full__alpha_100,dual_full,100.0,TX104,unsupervised,aHV,1,frac_leaf_selective,0.337,0.2624923030336162,0.07450769696638382,0.07450769696638382,0.09871305818959748,0.7547906865905968,0.5697089805639045
unsupervised_lomo,TX104,selected_nested,dual_full__alpha_100,dual_full,100.0,TX104,unsupervised,aHV,1,frac_circle_selective,0.19,0.22763787933899068,-0.03763787933899068,0.03763787933899068,0.08331523613018553,0.4517526575832903,0.20408046363356555
unsupervised_lomo,TX104,persistence,persistence,persistence,,TX104,unsupervised,aHV,1,q05,-0.7685055643320083,-0.7486011028289795,-0.019904461503028825,0.019904461503028825,0.0977723385277268,0.20357968115270367,0.04144468657823649
unsupervised_lomo,TX104,persistence,persistence,persistence,,TX104,unsupervised,aHV,1,median,0.10549283772706985,-0.04597093723714352,0.15146377496421337,0.15146377496421337,0.1359128704535236,1.1144181890853928,1.2419279001643664
unsupervised_lomo,TX104,persistence,persistence,persistence,,TX104,unsupervised,aHV,1,q95,0.8854948014020919,0.7077272981405255,0.17776750326156643,0.17776750326156643,0.1562765291948681,1.1375188851289388,1.293949214024984
unsupervised_lomo,TX104,persistence,persistence,persistence,,TX104,unsupervised,aHV,1,sd_dprime,0.6310179493092835,0.4435831428425685,0.18743480646671495,0.18743480646671495,0.06529739719276745,2.870478985760796,8.239649607694329
unsupervised_lomo,TX104,persistence,persistence,persistence,,TX104,unsupervised,aHV,1,frac_leaf_selective,0.337,0.215,0.12200000000000003,0.12200000000000003,0.09871305818959748,1.2359053831122877,1.5274621160059307
unsupervised_lomo,TX104,persistence,persistence,persistence,,TX104,unsupervised,aHV,1,frac_circle_selective,0.19,0.25,-0.06,0.06,0.08331523613018553,0.7201563937986811,0.5186252315291211
unsupervised_lomo,TX105,selected_nested,dual_full_svd__alpha_100,dual_full_svd,100.0,TX105,unsupervised,aHV,1,q05,-0.6357428550720214,-0.5863865994710542,-0.049356255600967236,0.049356255600967236,0.10691079060210894,0.4616583164617775,0.2131284011583227
unsupervised_lomo,TX105,selected_nested,dual_full_svd__alpha_100,dual_full_svd,100.0,TX105,unsupervised,aHV,1,median,0.04638850875198841,0.04394606206584538,0.002442446686143032,0.002442446686143032,0.13625876050972682,0.017925061676813642,0.00032130783611757313
unsupervised_lomo,TX105,selected_nested,dual_full_svd__alpha_100,dual_full_svd,100.0,TX105,unsupervised,aHV,1,q95,0.7174362629652024,0.7015471826363363,0.015889080328866045,0.015889080328866045,0.15541398081060426,0.10223713623441204,0.010452432025413726
unsupervised_lomo,TX105,selected_nested,dual_full_svd__alpha_100,dual_full_svd,100.0,TX105,unsupervised,aHV,1,sd_dprime,0.42398043203274915,0.39793023885902556,0.02605019317372359,0.02605019317372359,0.08349865449819706,0.3119833885980292,0.0973336347611089
unsupervised_lomo,TX105,selected_nested,dual_full_svd__alpha_100,dual_full_svd,100.0,TX105,unsupervised,aHV,1,frac_leaf_selective,0.278,0.23235020450178492,0.0456497954982151,0.0456497954982151,0.09900613256619151,0.46108048375382693,0.21259521249866306
unsupervised_lomo,TX105,selected_nested,dual_full_svd__alpha_100,dual_full_svd,100.0,TX105,unsupervised,aHV,1,frac_circle_selective,0.204,0.1820693384754713,0.02193066152452869,0.02193066152452869,0.08343817214817552,0.2628372717175856,0.06908343140394392
unsupervised_lomo,TX105,persistence,persistence,persistence,,TX105,unsupervised,aHV,1,q05,-0.6357428550720214,-0.6338802516460419,-0.0018626034259795476,0.0018626034259795476,0.10691079060210894,0.017422033973274215,0.0003035272677659209
unsupervised_lomo,TX105,persistence,persistence,persistence,,TX105,unsupervised,aHV,1,median,0.04638850875198841,-0.0475950613617897,0.09398357011377811,0.09398357011377811,0.13625876050972682,0.6897433219133761,0.47574585012409915
unsupervised_lomo,TX105,persistence,persistence,persistence,,TX105,unsupervised,aHV,1,q95,0.7174362629652024,0.5583189398050306,0.1591173231601718,0.1591173231601718,0.15541398081060426,1.0238288880463118,1.0482255919981471
unsupervised_lomo,TX105,persistence,persistence,persistence,,TX105,unsupervised,aHV,1,sd_dprime,0.42398043203274915,0.36140551371467894,0.06257491831807022,0.06257491831807022,0.08349865449819706,0.7494122952534685,0.5616187882770719
unsupervised_lomo,TX105,persistence,persistence,persistence,,TX105,unsupervised,aHV,1,frac_leaf_selective,0.278,0.159,0.11900000000000002,0.11900000000000002,0.09900613256619151,1.2019457473550077,1.444673579584788
unsupervised_lomo,TX105,persistence,persistence,persistence,,TX105,unsupervised,aHV,1,frac_circle_selective,0.204,0.233,-0.029000000000000026,0.029000000000000026,0.08343817214817552,0.34756274320702685,0.12079986046559368
unsupervised_lomo,TX119,selected_nested,mean_shift,mean_shift,,TX119,unsupervised,aHV,1,q05,-0.8538501530885696,-0.6731353878487868,-0.1807147652397828,0.1807147652397828,0.07324912513471014,2.467125237433703,6.086706937182306
unsupervised_lomo,TX119,selected_nested,mean_shift,mean_shift,,TX119,unsupervised,aHV,1,median,-0.19783220440149307,0.14400903358182404,-0.3418412379833171,0.3418412379833171,0.08396434113689454,4.0712668420274145,16.575213698991877
unsupervised_lomo,TX119,selected_nested,mean_shift,mean_shift,,TX119,unsupervised,aHV,1,q95,0.6528088450431823,0.8682405522722505,-0.21543170722906824,0.21543170722906824,0.14708268051240853,1.4646979948865801,2.1453402162247683
unsupervised_lomo,TX119,selected_nested,mean_shift,mean_shift,,TX119,unsupervised,aHV,1,sd_dprime,0.49757316274433977,0.5353942983709818,-0.03782113562664208,0.03782113562664208,0.08710716316993845,0.4341908776532689,0.18852171823731592
unsupervised_lomo,TX119,selected_nested,mean_shift,mean_shift,,TX119,unsupervised,aHV,1,frac_leaf_selective,0.15,0.36649177860860044,-0.21649177860860044,0.21649177860860044,0.07798122484657077,2.7762038751577864,7.70730795644111
unsupervised_lomo,TX119,selected_nested,mean_shift,mean_shift,,TX119,unsupervised,aHV,1,frac_circle_selective,0.395,0.16029452082822285,0.23470547917177717,0.23470547917177717,0.030803234987810707,7.619507472661673,58.056894125947075
unsupervised_lomo,TX119,persistence,persistence,persistence,,TX119,unsupervised,aHV,1,q05,-0.8538501530885696,-0.6980007410049438,-0.1558494120836258,0.1558494120836258,0.07324912513471014,2.127662436882462,4.5269474453206175
unsupervised_lomo,TX119,persistence,persistence,persistence,,TX119,unsupervised,aHV,1,median,-0.19783220440149307,0.03428473882377148,-0.23211694322526455,0.23211694322526455,0.08396434113689454,2.7644704892857273,7.642297086131668
unsupervised_lomo,TX119,persistence,persistence,persistence,,TX119,unsupervised,aHV,1,q95,0.6528088450431823,0.7168327152729032,-0.06402387022972089,0.06402387022972089,0.14708268051240853,0.43529170128443206,0.18947886520709523
unsupervised_lomo,TX119,persistence,persistence,persistence,,TX119,unsupervised,aHV,1,sd_dprime,0.49757316274433977,0.4672907208983121,0.030282441846027686,0.030282441846027686,0.08710716316993845,0.3476458277828345,0.12085762157481221
unsupervised_lomo,TX119,persistence,persistence,persistence,,TX119,unsupervised,aHV,1,frac_leaf_selective,0.15,0.255,-0.10500000000000001,0.10500000000000001,0.07798122484657077,1.3464779529507145,1.8130028777823466
unsupervised_lomo,TX119,persistence,persistence,persistence,,TX119,unsupervised,aHV,1,frac_circle_selective,0.395,0.221,0.17400000000000002,0.17400000000000002,0.030803234987810707,5.648757348663358,31.908459584078294
unsupervised_lomo,TX123,selected_nested,dual_full_svd__alpha_100,dual_full_svd,100.0,TX123,unsupervised,aHV,1,q05,-0.6412031829357148,-0.6613474887515687,0.020144305815853913,0.020144305815853913,0.10707334596879022,0.18813557784703566,0.03539499565183801
unsupervised_lomo,TX123,selected_nested,dual_full_svd__alpha_100,dual_full_svd,100.0,TX123,unsupervised,aHV,1,median,0.07689188793301582,0.05448806648680787,0.02240382144620795,0.02240382144620795,0.1365945652247438,0.16401693148879065,0.026901553814998647
unsupervised_lomo,TX123,selected_nested,dual_full_svd__alpha_100,dual_full_svd,100.0,TX123,unsupervised,aHV,1,q95,0.8333039373159405,0.7734437814622976,0.059860155853642905,0.059860155853642905,0.1590934921031245,0.37625772784496747,0.1415698777630576
unsupervised_lomo,TX123,selected_nested,dual_full_svd__alpha_100,dual_full_svd,100.0,TX123,unsupervised,aHV,1,sd_dprime,0.4827739523755846,0.47246850187412937,0.01030545050145526,0.01030545050145526,0.08719916111428798,0.1181829087546883,0.01396719992171898
unsupervised_lomo,TX123,selected_nested,dual_full_svd__alpha_100,dual_full_svd,100.0,TX123,unsupervised,aHV,1,frac_leaf_selective,0.293,0.3113358598439683,-0.018335859843968294,0.018335859843968294,0.09946634391304715,0.18434235262529994,0.03398210297143043
unsupervised_lomo,TX123,selected_nested,dual_full_svd__alpha_100,dual_full_svd,100.0,TX123,unsupervised,aHV,1,frac_circle_selective,0.185,0.19895854461451482,-0.013958544614514817,0.013958544614514817,0.08317956050445498,0.16781219484523746,0.028160932738775943
unsupervised_lomo,TX123,persistence,persistence,persistence,,TX123,unsupervised,aHV,1,q05,-0.6412031829357148,-0.675020158290863,0.03381697535514827,0.03381697535514827,0.10707334596879022,0.31583000464938543,0.09974859183683082
unsupervised_lomo,TX123,persistence,persistence,persistence,,TX123,unsupervised,aHV,1,median,0.07689188793301582,-0.01894952543079853,0.09584141336381435,0.09584141336381435,0.1365945652247438,0.7016488042999597,0.49231104457556313
unsupervised_lomo,TX123,persistence,persistence,persistence,,TX123,unsupervised,aHV,1,q95,0.8333039373159405,0.6483146727085112,0.18498926460742937,0.18498926460742937,0.1590934921031245,1.1627707844109625,1.352035897079685
unsupervised_lomo,TX123,persistence,persistence,persistence,,TX123,unsupervised,aHV,1,sd_dprime,0.4827739523755846,0.4154772440366999,0.06729670833888474,0.06729670833888474,0.08719916111428798,0.7717586669289398,0.5956114399799343
unsupervised_lomo,TX123,persistence,persistence,persistence,,TX123,unsupervised,aHV,1,frac_leaf_selective,0.293,0.228,0.06499999999999997,0.06499999999999997,0.09946634391304715,0.6534873751549827,0.42704574948694907
unsupervised_lomo,TX123,persistence,persistence,persistence,,TX123,unsupervised,aHV,1,frac_circle_selective,0.185,0.242,-0.056999999999999995,0.056999999999999995,0.08317956050445498,0.6852645007296854,0.46958743596030494
unsupervised_lomo,TX83,selected_nested,dual_full__alpha_100,dual_full,100.0,TX83,unsupervised,aHV,1,q05,-0.5524818807840347,-0.6330240499770055,0.08054216919297075,0.08054216919297075,0.09855107587454931,0.8172632158323363,0.6679191639526119
unsupervised_lomo,TX83,selected_nested,dual_full__alpha_100,dual_full,100.0,TX83,unsupervised,aHV,1,median,0.16294008493423462,0.019528356182308235,0.14341172875192637,0.14341172875192637,0.1315474552962725,1.0901900643302682,1.1885143763644344
unsupervised_lomo,TX83,selected_nested,dual_full__alpha_100,dual_full,100.0,TX83,unsupervised,aHV,1,q95,0.8725803315639495,0.7713715420779451,0.10120878948600442,0.10120878948600442,0.15723772324575988,0.6436673553700394,0.4143076643690606
unsupervised_lomo,TX83,selected_nested,dual_full__alpha_100,dual_full,100.0,TX83,unsupervised,aHV,1,sd_dprime,0.4347032286863303,0.5278537722976736,-0.09315054361134328,0.09315054361134328,0.08467626556746627,1.100078551965959,1.2101728204955213
unsupervised_lomo,TX83,selected_nested,dual_full__alpha_100,dual_full,100.0,TX83,unsupervised,aHV,1,frac_leaf_selective,0.376,0.2620956121398265,0.11390438786017348,0.11390438786017348,0.0953504813082466,1.1945863963910817,1.4270366584426304
unsupervised_lomo,TX83,selected_nested,dual_full__alpha_100,dual_full,100.0,TX83,unsupervised,aHV,1,frac_circle_selective,0.14,0.214708864400392,-0.07470886440039198,0.07470886440039198,0.07971153349063467,0.9372403356055061,0.8784194466859218
unsupervised_lomo,TX83,persistence,persistence,persistence,,TX83,unsupervised,aHV,1,q05,-0.5524818807840347,-0.6511739790439606,0.09869209825992586,0.09869209825992586,0.09855107587454931,1.001430957339888,1.0028639623186848
unsupervised_lomo,TX83,persistence,persistence,persistence,,TX83,unsupervised,aHV,1,median,0.16294008493423462,-0.045081909745931625,0.20802199468016624,0.20802199468016624,0.1315474552962725,1.5813456384363882,2.5006540282017884
unsupervised_lomo,TX83,persistence,persistence,persistence,,TX83,unsupervised,aHV,1,q95,0.8725803315639495,0.6508271664381021,0.22175316512584742,0.22175316512584742,0.15723772324575988,1.4103051134825388,1.9889605131149968
unsupervised_lomo,TX83,persistence,persistence,persistence,,TX83,unsupervised,aHV,1,sd_dprime,0.4347032286863303,0.45478039334218956,-0.020077164655859236,0.020077164655859236,0.08467626556746627,0.23710498474761676,0.05621877379216758
unsupervised_lomo,TX83,persistence,persistence,persistence,,TX83,unsupervised,aHV,1,frac_leaf_selective,0.376,0.195,0.181,0.181,0.0953504813082466,1.898259951251508,3.603390842525377
unsupervised_lomo,TX83,persistence,persistence,persistence,,TX83,unsupervised,aHV,1,frac_circle_selective,0.14,0.251,-0.11099999999999999,0.11099999999999999,0.07971153349063467,1.3925211966100415,1.9391152830082619
unsupervised_lomo,TX85,selected_nested,session_only__alpha_100,session_only,100.0,TX85,unsupervised,aHV,1,q05,-0.6361916929483413,-0.5482171572449894,-0.0879745357033519,0.0879745357033519,0.10692585239043827,0.8227620705057753,0.6769374246629504
unsupervised_lomo,TX85,selected_nested,session_only__alpha_100,session_only,100.0,TX85,unsupervised,aHV,1,median,0.2783186733722687,0.3653712342289284,-0.08705256085665974,0.08705256085665974,0.10842064426550531,0.802914993232115,0.6446724863569273
unsupervised_lomo,TX85,selected_nested,session_only__alpha_100,session_only,100.0,TX85,unsupervised,aHV,1,q95,1.128182202577591,1.2409543106106586,-0.1127721080330677,0.1127721080330677,0.09375567878707533,1.2028296258105047,1.4467991087274388
unsupervised_lomo,TX85,selected_nested,session_only__alpha_100,session_only,100.0,TX85,unsupervised,aHV,1,sd_dprime,0.58280897515002,0.5916834336799114,-0.008874458529891438,0.008874458529891438,0.07826211583811457,0.11339405323832905,0.012858211309817002
unsupervised_lomo,TX85,selected_nested,session_only__alpha_100,session_only,100.0,TX85,unsupervised,aHV,1,frac_leaf_selective,0.484,0.5992808092436198,-0.11528080924361983,0.11528080924361983,0.06879784049767011,1.6756457529727826,2.8077886894557236
unsupervised_lomo,TX85,selected_nested,session_only__alpha_100,session_only,100.0,TX85,unsupervised,aHV,1,frac_circle_selective,0.135,0.09606674688834593,0.038933253111654076,0.038933253111654076,0.07906315287703333,0.49243233661838454,0.24248960614744197
unsupervised_lomo,TX85,persistence,persistence,persistence,,TX85,unsupervised,aHV,1,q05,-0.6361916929483413,-0.5649197280406952,-0.07127196490764609,0.07127196490764609,0.10692585239043827,0.6665550314941376,0.44429561001015083
unsupervised_lomo,TX85,persistence,persistence,persistence,,TX85,unsupervised,aHV,1,median,0.2783186733722687,0.2666581869125366,0.011660486459732056,0.011660486459732056,0.10842064426550531,0.10754858116483182,0.011566697310568417
unsupervised_lomo,TX85,persistence,persistence,persistence,,TX85,unsupervised,aHV,1,q95,1.128182202577591,1.0912335276603697,0.0369486749172212,0.0369486749172212,0.09375567878707533,0.39409532729354796,0.1553111269946087
unsupervised_lomo,TX85,persistence,persistence,persistence,,TX85,unsupervised,aHV,1,sd_dprime,0.58280897515002,0.5160848849925866,0.0667240901574333,0.0667240901574333,0.07826211583811457,0.8525720195893028,0.7268790485865826
unsupervised_lomo,TX85,persistence,persistence,persistence,,TX85,unsupervised,aHV,1,frac_leaf_selective,0.484,0.477,0.007000000000000006,0.007000000000000006,0.06879784049767011,0.1017473797049933,0.010352529276832083
unsupervised_lomo,TX85,persistence,persistence,persistence,,TX85,unsupervised,aHV,1,frac_circle_selective,0.135,0.142,-0.0069999999999999785,0.0069999999999999785,0.07906315287703333,0.08853681829368804,0.007838768193569533
unsupervised_lomo,TX88,selected_nested,dual_full__alpha_100,dual_full,100.0,TX88,unsupervised,aHV,1,q05,-0.665534609556198,-0.8419482296714133,0.17641362011521522,0.17641362011521522,0.10725298840893426,1.644836407192546,2.7054868064260833
unsupervised_lomo,TX88,selected_nested,dual_full__alpha_100,dual_full,100.0,TX88,unsupervised,aHV,1,median,0.06762682646512985,-0.037901141528015825,0.10552796799314568,0.10552796799314568,0.13660845321162962,0.7724849049397038,0.5967329283597032
unsupervised_lomo,TX88,selected_nested,dual_full__alpha_100,dual_full,100.0,TX88,unsupervised,aHV,1,q95,0.7621591687202449,0.8075646163061682,-0.04540544758592324,0.04540544758592324,0.15846620578831233,0.28653079285925653,0.08209989525655417
unsupervised_lomo,TX88,selected_nested,dual_full__alpha_100,dual_full,100.0,TX88,unsupervised,aHV,1,sd_dprime,0.526265763764637,0.5257629644373731,0.0005027993272638254,0.0005027993272638254,0.08576720512508387,0.005862372762765641,3.436741440961645e-05
unsupervised_lomo,TX88,selected_nested,dual_full__alpha_100,dual_full,100.0,TX88,unsupervised,aHV,1,frac_leaf_selective,0.281,0.21438569165422652,0.0666143083457735,0.0666143083457735,0.09912753329495724,0.6720061130499478,0.4515922159764993
unsupervised_lomo,TX88,selected_nested,dual_full__alpha_100,dual_full,100.0,TX88,unsupervised,aHV,1,frac_circle_selective,0.201,0.2930629280300635,-0.0920629280300635,0.0920629280300635,0.08344362938963217,1.1032948674869394,1.217259564623023
unsupervised_lomo,TX88,persistence,persistence,persistence,,TX88,unsupervised,aHV,1,q05,-0.665534609556198,-0.8325934559106827,0.16705884635448465,0.16705884635448465,0.10725298840893426,1.5576148397611318,2.4261639890440962
unsupervised_lomo,TX88,persistence,persistence,persistence,,TX88,unsupervised,aHV,1,median,0.06762682646512985,-0.11570988968014717,0.18333671614527702,0.18333671614527702,0.13660845321162962,1.3420598201288276,1.8011245608042212
unsupervised_lomo,TX88,persistence,persistence,persistence,,TX88,unsupervised,aHV,1,q95,0.7621591687202449,0.66087646484375,0.10128270387649496,0.10128270387649496,0.15846620578831233,0.6391438690202114,0.4085048853061251
unsupervised_lomo,TX88,persistence,persistence,persistence,,TX88,unsupervised,aHV,1,sd_dprime,0.526265763764637,0.46189873794017533,0.06436702582446163,0.06436702582446163,0.08576720512508387,0.7504852901594267,0.5632281707456789
unsupervised_lomo,TX88,persistence,persistence,persistence,,TX88,unsupervised,aHV,1,frac_leaf_selective,0.281,0.151,0.13000000000000003,0.13000000000000003,0.09912753329495724,1.3114418938800863,1.7198798410237874
unsupervised_lomo,TX88,persistence,persistence,persistence,,TX88,unsupervised,aHV,1,frac_circle_selective,0.201,0.335,-0.134,0.134,0.08344362938963217,1.605874540455325,2.578833039682601
supervised_test,frozen,selected_nested,dual_full_svd__alpha_100,dual_full_svd,100.0,TX108,supervised,aHV,1,q05,-0.9692113608121872,-0.9259722020246328,-0.043239158787554355,0.043239158787554355,0.1003627409620818,0.4308287953583353,0.18561345090991435
supervised_test,frozen,selected_nested,dual_full_svd__alpha_100,dual_full_svd,100.0,TX108,supervised,aHV,1,median,0.04503535479307175,-0.12293286294636044,0.16796821773943219,0.16796821773943219,0.1277917131587302,1.3143905311825557,1.727622468462361
supervised_test,frozen,selected_nested,dual_full_svd__alpha_100,dual_full_svd,100.0,TX108,supervised,aHV,1,q95,1.1508354544639585,0.6709976821684747,0.47983777229548386,0.47983777229548386,0.14915885219099648,3.216958063481584,10.348819182199183
supervised_test,frozen,selected_nested,dual_full_svd__alpha_100,dual_full_svd,100.0,TX108,supervised,aHV,1,sd_dprime,0.6982962155889644,0.5687154024057544,0.12958081318321002,0.12958081318321002,0.08158133486932252,1.5883634827840627,2.5228985534419173
supervised_test,frozen,selected_nested,dual_full_svd__alpha_100,dual_full_svd,100.0,TX108,supervised,aHV,1,frac_leaf_selective,0.364,0.1910928205324253,0.1729071794675747,0.1729071794675747,0.09314117122829076,1.8563990251290265,3.4462173405
supervised_test,frozen,selected_nested,dual_full_svd__alpha_100,dual_full_svd,100.0,TX108,supervised,aHV,1,frac_circle_selective,0.303,0.32766285971046766,-0.024662859710467666,0.024662859710467666,0.0780546460998817,0.3159691439623995,0.09983649993633154
supervised_test,frozen,selected_nested,dual_full_svd__alpha_100,dual_full_svd,100.0,TX60,supervised,aHV,1,q05,-0.7707210540771484,-0.824490533699885,0.05376947962273659,0.05376947962273659,0.1003627409620818,0.5357514064213464,0.28702956948245073
supervised_test,frozen,selected_nested,dual_full_svd__alpha_100,dual_full_svd,100.0,TX60,supervised,aHV,1,median,0.3086951822042465,0.016326119174498145,0.29236906302974836,0.29236906302974836,0.1277917131587302,2.2878561982074417,5.234285983676209
supervised_test,frozen,selected_nested,dual_full_svd__alpha_100,dual_full_svd,100.0,TX60,supervised,aHV,1,q95,1.5151069521903984,0.7817998763052181,0.7333070758851803,0.7333070758851803,0.14915885219099648,4.916282641718023,24.16983501325795
supervised_test,frozen,selected_nested,dual_full_svd__alpha_100,dual_full_svd,100.0,TX60,supervised,aHV,1,sd_dprime,0.724171407287581,0.5610600825493484,0.16311132473823264,0.16311132473823264,0.08158133486932252,1.9993706280916506,3.997482908475601
supervised_test,frozen,selected_nested,dual_full_svd__alpha_100,dual_full_svd,100.0,TX60,supervised,aHV,1,frac_leaf_selective,0.508,0.2647742628520526,0.24322573714794743,0.24322573714794743,0.09314117122829076,2.6113665304014333,6.81923515610082
supervised_test,frozen,selected_nested,dual_full_svd__alpha_100,dual_full_svd,100.0,TX60,supervised,aHV,1,frac_circle_selective,0.168,0.24233033657694625,-0.07433033657694624,0.07433033657694624,0.0780546460998817,0.9522858701047764,0.906848378401211
supervised_test,frozen,selected_nested,dual_full_svd__alpha_100,dual_full_svd,100.0,VR2,supervised,aHV,1,q05,-1.2909462988376617,-0.7013125310433508,-0.5896337677943109,0.5896337677943109,0.1003627409620818,5.875026550112669,34.51593696452877
supervised_test,frozen,selected_nested,dual_full_svd__alpha_100,dual_full_svd,100.0,VR2,supervised,aHV,1,median,0.34854938089847565,0.0867488422054375,0.26180053869303815,0.26180053869303815,0.1277917131587302,2.0486503562860565,4.196968282310986
supervised_test,frozen,selected_nested,dual_full_svd__alpha_100,dual_full_svd,100.0,VR2,supervised,aHV,1,q95,2.1442059516906737,0.8483442031587779,1.295861748531896,1.295861748531896,0.14915885219099648,8.687796463280351,75.47780738738659
supervised_test,frozen,selected_nested,dual_full_svd__alpha_100,dual_full_svd,100.0,VR2,supervised,aHV,1,sd_dprime,1.082461640054124,0.511361191033568,0.571100449020556,0.571100449020556,0.08158133486932252,7.000381275145205,49.00533799740361
supervised_test,frozen,selected_nested,dual_full_svd__alpha_100,dual_full_svd,100.0,VR2,supervised,aHV,1,frac_leaf_selective,0.531,0.32497937732104254,0.2060206226789575,0.2060206226789575,0.09314117122829076,2.21191788724663,4.892580739921596
supervised_test,frozen,selected_nested,dual_full_svd__alpha_100,dual_full_svd,100.0,VR2,supervised,aHV,1,frac_circle_selective,0.228,0.18996398107237275,0.03803601892762726,0.03803601892762726,0.0780546460998817,0.487299870387663,0.23746116367983314
supervised_test,frozen,persistence,persistence,persistence,,TX108,supervised,aHV,1,q05,-0.9692113608121872,-0.9284844756126404,-0.040726885199546814,0.040726885199546814,0.1003627409620818,0.40579686055937736,0.16467109203984676
supervised_test,frozen,persistence,persistence,persistence,,TX108,supervised,aHV,1,median,0.04503535479307175,-0.18789264559745789,0.23292800039052963,0.23292800039052963,0.1277917131587302,1.8227160011636245,3.322293620897914
supervised_test,frozen,persistence,persistence,persistence,,TX108,supervised,aHV,1,q95,1.1508354544639585,0.5679749190807339,0.5828605353832246,0.5828605353832246,0.14915885219099648,3.9076496421203166,15.269725725563038
supervised_test,frozen,persistence,persistence,persistence,,TX108,supervised,aHV,1,sd_dprime,0.6982962155889644,0.48708686583543354,0.21120934975353084,0.21120934975353084,0.08158133486932252,2.588942067347234,6.702621028080169
supervised_test,frozen,persistence,persistence,persistence,,TX108,supervised,aHV,1,frac_leaf_selective,0.364,0.144,0.22,0.22,0.09314117122829076,2.3620059432232807,5.5790720758221
supervised_test,frozen,persistence,persistence,persistence,,TX108,supervised,aHV,1,frac_circle_selective,0.303,0.367,-0.064,0.064,0.0780546460998817,0.819938379044127,0.6722989454295105
supervised_test,frozen,persistence,persistence,persistence,,TX60,supervised,aHV,1,q05,-0.7707210540771484,-0.8008393436670304,0.03011828958988194,0.03011828958988194,0.1003627409620818,0.300094330835992,0.09005660739990183
supervised_test,frozen,persistence,persistence,persistence,,TX60,supervised,aHV,1,median,0.3086951822042465,-0.020885099656879902,0.3295802818611264,0.3295802818611264,0.1277917131587302,2.5790426758873988,6.651461124048434
supervised_test,frozen,persistence,persistence,persistence,,TX60,supervised,aHV,1,q95,1.5151069521903984,0.7030392944812773,0.812067657709121,0.812067657709121,0.14915885219099648,5.4443142044917066,29.640557157230162
supervised_test,frozen,persistence,persistence,persistence,,TX60,supervised,aHV,1,sd_dprime,0.724171407287581,0.47940661826908676,0.24476478901849424,0.24476478901849424,0.08158133486932252,3.000254769189055,9.00152868004167
supervised_test,frozen,persistence,persistence,persistence,,TX60,supervised,aHV,1,frac_leaf_selective,0.508,0.223,0.28500000000000003,0.28500000000000003,0.09314117122829076,3.0598713355392504,9.362812590054755
supervised_test,frozen,persistence,persistence,persistence,,TX60,supervised,aHV,1,frac_circle_selective,0.168,0.259,-0.091,0.091,0.0780546460998817,1.165849882703368,1.3592059489994572
supervised_test,frozen,persistence,persistence,persistence,,VR2,supervised,aHV,1,q05,-1.2909462988376617,-0.6942226767539978,-0.5967236220836638,0.5967236220836638,0.1003627409620818,5.945668844468017,35.35097800807764
supervised_test,frozen,persistence,persistence,persistence,,VR2,supervised,aHV,1,median,0.34854938089847565,0.030455507338047028,0.3180938735604286,0.3180938735604286,0.1277917131587302,2.4891588483935885,6.195911772536095
supervised_test,frozen,persistence,persistence,persistence,,VR2,supervised,aHV,1,q95,2.1442059516906737,0.7410327106714245,1.4031732410192492,1.4031732410192492,0.14915885219099648,9.407240806750774,88.49617959619697
supervised_test,frozen,persistence,persistence,persistence,,VR2,supervised,aHV,1,sd_dprime,1.082461640054124,0.4432445144313264,0.6392171256227976,0.6392171256227976,0.08158133486932252,7.83533545567377,61.39248170293849
supervised_test,frozen,persistence,persistence,persistence,,VR2,supervised,aHV,1,frac_leaf_selective,0.531,0.261,0.27,0.27,0.09314117122829076,2.8988254757740264,8.40318913899651
supervised_test,frozen,persistence,persistence,persistence,,VR2,supervised,aHV,1,frac_circle_selective,0.228,0.22,0.008000000000000007,0.008000000000000007,0.0780546460998817,0.10249229738051598,0.010504671022336123
